household_id,basket_id,product_id,department,product_category,product_type,quantity,sales_value,week,transaction_timestamp
900,31198570044,1095275,PASTRY,ROLLS,ROLLS: BAGELS,1,0.5,1,2017-01-01 06:53:26
900,31198570047,9878513,GROCERY,FACIAL TISS/DNR NAPKIN,FACIAL TISSUE & PAPER HANDKE,1,0.99,1,2017-01-01 07:10:28
1228,31198655051,1041453,GROCERY,BAG SNACKS,POTATO CHIPS,1,1.43,1,2017-01-01 07:26:30
906,31198705046,1020156,GROCERY,REFRGRATD DOUGH PRODUCTS,REFRIGERATED BAGELS,1,1.5,1,2017-01-01 07:30:27
906,31198705046,1053875,GROCERY,SEAFOOD - SHELF STABLE,TUNA,2,2.78,1,2017-01-01 07:30:27
906,31198705046,1060312,GROCERY,FRZN MEAT/MEAT DINNERS,FRZN BREADED PREPARED CHICK,1,5.49,1,2017-01-01 07:30:27
906,31198705046,1075313,GROCERY,SEAFOOD - SHELF STABLE,TUNA,1,1.5,1,2017-01-01 07:30:27
1058,31198676055,985893,GROCERY,SOFT DRINKS,SOFT DRINKS 12/18&15PK CAN CAR,1,1.88,1,2017-01-01 07:56:33
1058,31198676055,988791,GROCERY,CRACKERS/MISC BKD FD,CHEESE CRACKERS (CHEEZ-ITS/GOL,1,1.5,1,2017-01-01 07:56:33
1058,31198676055,9297106,GROCERY,FRZN BREAKFAST FOODS,FRZN BREAKFAST ENTREES/SANDWIC,1,2.69,1,2017-01-01 07:56:33
749,31198970033,1082310,GROCERY,REFRGRATD JUICES/DRNKS,DAIRY CASE 100% PURE JUICE OTH,1,1.61,1,2017-01-01 08:01:19
749,31198970033,5564931,GROCERY,BAKED SWEET GOODS,SNACK CAKE - MULTI PACK,1,1.59,1,2017-01-01 08:01:19
850,31198700070,995242,GROCERY,FLUID MILK PRODUCTS,FLUID MILK WHITE ONLY,1,1.99,1,2017-01-01 08:22:42
850,31198700070,1022254,PRODUCE,POTATOES,POTATOES SWEET&YAMS,1,1.27,1,2017-01-01 08:22:42
850,31198700070,1082185,PRODUCE,TROPICAL FRUIT,BANANAS,1,0.97,1,2017-01-01 08:22:42
70,31198975059,1039156,DRUG GM,NEWSPAPER,NEWSPAPER,1,1.5,1,2017-01-01 08:28:35
83,31198676089,1046485,DRUG GM,VITAMINS,VITAMIN - MULTIPLE COMBIN,1,10.99,1,2017-01-01 08:31:53
83,31198676089,1082185,PRODUCE,TROPICAL FRUIT,BANANAS,1,0.19,1,2017-01-01 08:31:53
83,31198676089,5591611,PRODUCE,CARROTS,CARROTS BAGGED,2,1.38,1,2017-01-01 08:31:53
1419,31198515072,1037894,GROCERY,SOFT DRINKS,SFT DRNK SNGL SRV BTL CARB (EX,1,1.0,1,2017-01-01 08:39:43
1419,31198515072,1069175,GROCERY,SOFT DRINKS,SOFT DRINK BOTTLE NON-CARB (EX,1,1.29,1,2017-01-01 08:39:43
1873,31198640134,834484,PRODUCE,ONIONS,ONIONS OTHER,1,0.66,1,2017-01-01 08:47:20
1873,31198640134,852437,GROCERY,HISPANIC,MEXICAN SAUCESSALSAPICANTEE,1,1.5,1,2017-01-01 08:47:20
1873,31198640134,862854,GROCERY,CHEESE,SHREDDED CHEESE,1,2.0,1,2017-01-01 08:47:20
1873,31198640134,926905,GROCERY,SOFT DRINKS,SOFT DRINKS 12/18&15PK CAN CAR,1,3.0,1,2017-01-01 08:47:20
1873,31198640134,995211,GROCERY,BAG SNACKS,BAGGED CHEESE SNACKS,1,1.88,1,2017-01-01 08:47:20
1873,31198640134,5568378,GROCERY,BAG SNACKS,TORTILLA/NACHO CHIPS,1,1.88,1,2017-01-01 08:47:20
1873,31198640137,868473,GROCERY,FRZN JCE CONC/DRNKS,FRZN CONC ALLIEDS OVER 50% JUI,1,1.05,1,2017-01-01 08:48:22
1873,31198640137,968668,GROCERY,FRZN JCE CONC/DRNKS,FRZN CONC UNDER 50% JUICE,1,1.19,1,2017-01-01 08:48:22
1873,31198640137,1106523,GROCERY,FLUID MILK PRODUCTS,FLUID MILK WHITE ONLY,2,4.98,1,2017-01-01 08:48:22
993,31198515122,840361,GROCERY,EGGS,EGGS - LARGE,1,1.0,1,2017-01-01 09:16:13
993,31198515122,859075,GROCERY,CHEESE,SHREDDED CHEESE,1,1.67,1,2017-01-01 09:16:13
993,31198515122,866227,PASTRY,BREAKFAST SWEETS,SW GDS:DONUTS,2,1.0,1,2017-01-01 09:16:13
993,31198515122,1039156,DRUG GM,NEWSPAPER,NEWSPAPER,1,1.5,1,2017-01-01 09:16:13
993,31198515122,1060269,GROCERY,FLUID MILK PRODUCTS,CHOCOLATE MILK,1,0.67,1,2017-01-01 09:16:13
993,31198515122,8118533,GROCERY,CANNED JUICES,APPLE JUICE & CIDER (OVER 50%,1,3.49,1,2017-01-01 09:16:13
993,31198515122,9677366,GROCERY,PAPER TOWELS,PAPER TOWELS & HOLDERS,1,5.99,1,2017-01-01 09:16:13
2359,31198855140,873874,GROCERY,SEAFOOD - SHELF STABLE,TUNA,3,1.98,1,2017-01-01 09:20:24
2359,31198855140,874736,GROCERY,SOFT DRINKS,SFT DRNK 2 LITER BTL CARB INCL,1,0.59,1,2017-01-01 09:20:24
2359,31198855140,876750,GROCERY,PICKLE/RELISH/PKLD VEG,RELISHES,1,0.99,1,2017-01-01 09:20:24
2359,31198855140,909256,GROCERY,SOFT DRINKS,SFT DRNK MLT-PK BTL CARB (EXCP,1,2.99,1,2017-01-01 09:20:24
2359,31198855140,931532,GROCERY,SOFT DRINKS,SOFT DRINK BOTTLE NON-CARB (EX,2,1.18,1,2017-01-01 09:20:24
2359,31198855140,962118,GROCERY,SOFT DRINKS,SFT DRNK 2 LITER BTL CARB INCL,2,1.18,1,2017-01-01 09:20:24
2359,31198855140,981760,GROCERY,EGGS,EGGS - X-LARGE,3,3.0,1,2017-01-01 09:20:24
2359,31198855140,1019722,GROCERY,PICKLE/RELISH/PKLD VEG,RELISHES,2,2.58,1,2017-01-01 09:20:24
2359,31198855140,1032549,GROCERY,SOFT DRINKS,SFT DRNK 2 LITER BTL CARB INCL,2,1.18,1,2017-01-01 09:20:24
2359,31198855140,1075470,GROCERY,BAG SNACKS,POTATO CHIPS,3,5.0,1,2017-01-01 09:20:24
2359,31198855140,1120741,GROCERY,SOFT DRINKS,SFT DRNK 2 LITER BTL CARB INCL,1,0.59,1,2017-01-01 09:20:24
1510,31225445078,866227,PASTRY,BREAKFAST SWEETS,SW GDS:DONUTS,2,1.0,1,2017-01-01 09:20:46
1510,31225445078,919153,DRUG GM,NEWSPAPER,NEWSPAPER,1,1.25,1,2017-01-01 09:20:46
1510,31225445078,1039156,DRUG GM,NEWSPAPER,NEWSPAPER,1,1.5,1,2017-01-01 09:20:46
909,31198770125,6534178,FUEL,COUPON/MISC ITEMS,GASOLINE-REG UNLEADED,8725,20.06,1,2017-01-01 09:23:15
2051,31198575102,820352,DRUG GM,FEMININE HYGIENE,FEM. HYGN. TAMPONS,2,2.67,1,2017-01-01 09:27:01
2051,31198575102,1023746,DRUG GM,FEMININE HYGIENE,FEM. HYGN.NAPKINS,1,2.88,1,2017-01-01 09:27:01
2051,31198575102,1085604,GROCERY,SOFT DRINKS,SFT DRNK SNGL SRV BTL CARB (EX,1,1.0,1,2017-01-01 09:27:01
2051,31198575102,1102416,DRUG GM,CIGARETTES,CIGARETTES,1,3.84,1,2017-01-01 09:27:01
1465,31198920207,826144,PASTRY,BREAD,BREAD:ITALIAN/FRENCH,1,1.0,1,2017-01-01 09:46:04
1465,31198920207,834303,PRODUCE,TROPICAL FRUIT,PINEAPPLE WHOLE&PEEL/CORED,1,3.99,1,2017-01-01 09:46:04
1465,31198920207,861792,PRODUCE,HERBS,HERBS PARSLEY,0,0.0,1,2017-01-01 09:46:04
1465,31198920207,899203,GROCERY,BEANS - CANNED GLASS & MW,VARIETY BEANS - KIDNEY PINTO,2,1.58,1,2017-01-01 09:46:04
1465,31198920207,900802,PRODUCE,CARROTS,CARROTS BAGGED,1,1.38,1,2017-01-01 09:46:04
1465,31198920207,1039156,DRUG GM,NEWSPAPER,NEWSPAPER,1,1.5,1,2017-01-01 09:46:04
1465,31198920207,1101502,GROCERY,BEANS - CANNED GLASS & MW,VARIETY BEANS - KIDNEY PINTO,1,2.99,1,2017-01-01 09:46:04
1465,31198920207,1123316,GROCERY,COFFEE,REGULAR BEAN,1,5.99,1,2017-01-01 09:46:04
388,31198490174,839849,GROCERY,SOFT DRINKS,SFT DRNK 2 LITER BTL CARB INCL,3,1.77,1,2017-01-01 09:48:44
388,31198490174,854677,GROCERY,BAKING MIXES,SPECIALTY CAKE,1,2.49,1,2017-01-01 09:48:44
388,31198490174,958046,GROCERY,FRUIT - SHELF STABLE,PINEAPPLE,1,1.29,1,2017-01-01 09:48:44
388,31198490174,1029504,GROCERY,BAG SNACKS,PRETZELS,1,1.05,1,2017-01-01 09:48:44
388,31198490174,1039156,DRUG GM,NEWSPAPER,NEWSPAPER,1,1.5,1,2017-01-01 09:48:44
1452,31198720219,866227,PASTRY,BREAKFAST SWEETS,SW GDS:DONUTS,2,1.0,1,2017-01-01 10:00:11
1452,31198720219,1023027,GROCERY,SOFT DRINKS,SFT DRNK SNGL SRV BTL CARB (EX,2,0.66,1,2017-01-01 10:00:11
1452,31198720219,1039156,DRUG GM,NEWSPAPER,NEWSPAPER,1,1.5,1,2017-01-01 10:00:11
1269,31198520221,836836,GROCERY,ICE CREAM/MILK/SHERBTS,QUARTS,1,2.0,1,2017-01-01 10:02:12
1269,31198520221,844179,MEAT,BEEF,PRIMAL,1,3.99,1,2017-01-01 10:02:12
1269,31198520221,866227,PASTRY,BREAKFAST SWEETS,SW GDS:DONUTS,4,2.0,1,2017-01-01 10:02:12
1269,31198520221,873902,GROCERY,BAKED BREAD/BUNS/ROLLS,HAMBURGER BUNS,1,1.59,1,2017-01-01 10:02:12
1269,31198520221,945244,MEAT-PCKGD,DINNER SAUSAGE,FRESH,1,3.99,1,2017-01-01 10:02:12
1269,31198520221,979707,PRODUCE,ONIONS,ONIONS SWEET (BULK&BAG),1,0.89,1,2017-01-01 10:02:12
1269,31198520221,1011303,GROCERY,FRZN POTATOES,FRZN FRENCH FRIES,1,2.0,1,2017-01-01 10:02:12
1269,31198520221,1039156,DRUG GM,NEWSPAPER,NEWSPAPER,1,1.5,1,2017-01-01 10:02:12
1269,31198520221,1040807,DELI,CHEESES,CHEESE: PROCESSED BULK,1,3.23,1,2017-01-01 10:02:12
1269,31198520221,1081177,PRODUCE,TOMATOES,TOMATOES VINE RIPE BULK,1,2.12,1,2017-01-01 10:02:12
1269,31198520221,1086252,GROCERY,MARGARINES,MARGARINE: TUBS AND BOWLS,1,2.0,1,2017-01-01 10:02:12
1269,31198520221,1116180,GROCERY,FRZN BREAKFAST FOODS,WAFFLES/PANCAKES/FRENCH TOAST,1,1.5,1,2017-01-01 10:02:12
1269,31198520221,5591038,GROCERY,PAPER TOWELS,PAPER TOWELS & HOLDERS,2,1.0,1,2017-01-01 10:02:12
1269,31198520221,9677236,GROCERY,PAPER TOWELS,PAPER TOWELS & HOLDERS,1,2.99,1,2017-01-01 10:02:12
952,31198605286,1000050,GROCERY,COLD CEREAL,KIDS CEREAL,1,2.99,1,2017-01-01 10:03:51
239,31198620185,870980,GROCERY,SOFT DRINKS,SFT DRNK 2 LITER BTL CARB INCL,1,0.59,1,2017-01-01 10:05:51
239,31198620185,1015826,MEAT-PCKGD,LUNCHMEAT,HAM,1,0.4,1,2017-01-01 10:05:51
239,31198620185,1039156,DRUG GM,NEWSPAPER,NEWSPAPER,1,1.5,1,2017-01-01 10:05:51
239,31198620185,1056746,GROCERY,MILK BY-PRODUCTS,COTTAGE CHEESE,1,1.59,1,2017-01-01 10:05:51
239,31198620185,1131171,GROCERY,AIR CARE,AIR CARE - CANDLES,2,2.0,1,2017-01-01 10:05:51
58,31198665127,965766,GROCERY,CHEESE,IWS SINGLE CHEESE,1,1.67,1,2017-01-01 10:14:16
58,31198665127,1039156,DRUG GM,NEWSPAPER,NEWSPAPER,1,1.5,1,2017-01-01 10:14:16
58,31198665127,1106523,GROCERY,FLUID MILK PRODUCTS,FLUID MILK WHITE ONLY,1,2.49,1,2017-01-01 10:14:16
58,31198665127,12781986,DRUG GM,CANDY - PACKAGED,CANDY BARS (SINGLES)(INCLUDING,1,0.79,1,2017-01-01 10:14:16
1419,31198515258,1076875,GROCERY,SOFT DRINKS,SFT DRNK 2 LITER BTL CARB INCL,1,0.88,1,2017-01-01 10:16:34
2084,31198690191,1037863,PRODUCE,VEGETABLES - ALL OTHERS,CABBAGE,1,1.39,1,2017-01-01 10:18:54
2084,31198690191,1083219,MEAT,PORK,COOKED,1,6.07,1,2017-01-01 10:18:54
2084,31198690191,5569845,GROCERY,SOFT DRINKS,SOFT DRINKS 12/18&15PK CAN CAR,1,3.0,1,2017-01-01 10:18:54
2084,31198690191,9523169,GROCERY,BAKED BREAD/BUNS/ROLLS,PREMIUM BREAD,1,2.09,1,2017-01-01 10:18:54
2084,31198690191,9652066,NUTRITION,REFRIGERATED,SOY/RICE MILK,1,2.47,1,2017-01-01 10:18:54
2084,31198690191,12692328,NUTRITION,REFRIGERATED,SOY/RICE MILK,1,2.62,1,2017-01-01 10:18:54
365,31198676325,828121,NUTRITION,FROZEN,FROZEN BREAKFAST,3,10.77,1,2017-01-01 10:25:15
365,31198676325,955275,MEAT-PCKGD,DINNER SAUSAGE,FRESH,3,8.97,1,2017-01-01 10:25:15
365,31198676325,1082185,PRODUCE,TROPICAL FRUIT,BANANAS,1,0.69,1,2017-01-01 10:25:15
365,31198676325,6919433,GROCERY,SOFT DRINKS,SFT DRNK SNGL SRV BTL CARB (EX,1,1.29,1,2017-01-01 10:25:15
1519,31198795316,838739,GROCERY,CONDIMENTS/SAUCES,BBQ SAUCE,1,1.99,1,2017-01-01 10:32:09
1519,31198795316,850562,GROCERY,HISPANIC,MEXICAN SAUCESSALSAPICANTEE,2,3.55,1,2017-01-01 10:32:09
1519,31198795316,890719,GROCERY,MEAT - SHELF STABLE,CHUNK MEATS - ALL,2,6.0,1,2017-01-01 10:32:09
1519,31198795316,916122,MEAT,CHICKEN,CHICKEN BREAST BONELESS,3,8.12,1,2017-01-01 10:32:09
1519,31198795316,920706,GROCERY,ICE CREAM/MILK/SHERBTS,TRADITIONAL,1,2.19,1,2017-01-01 10:32:09
1519,31198795316,972763,DRUG GM,FOOT CARE PRODUCTS,FOOT SPRAYS POWDERS,1,7.49,1,2017-01-01 10:32:09
1519,31198795316,1004906,PRODUCE,POTATOES,POTATOES RUSSET (BULK&BAG),1,2.99,1,2017-01-01 10:32:09
1519,31198795316,1025046,DRUG GM,LAXATIVES,LAXATIVES,1,7.99,1,2017-01-01 10:32:09
1519,31198795316,1125155,DELI,DELI MEATS,MEAT: SAUS DRY PPK/PRSLC,1,6.99,1,2017-01-01 10:32:09
1519,31198795316,5568191,GROCERY,DRY NOODLES/PASTA,NOODLES DRY,2,2.0,1,2017-01-01 10:32:09
1519,31198795316,6979578,GROCERY,COFFEE,NON DAIRY CREAMER: DRY,1,2.59,1,2017-01-01 10:32:09
1519,31198795316,9677671,GROCERY,SALD DRSNG/SNDWCH SPRD,SEMI-SOLID SALAD DRESSING MAY,1,3.99,1,2017-01-01 10:32:09
1519,31198795316,10149601,GROCERY,COFFEE,GROUND FLVR DECAF COFFEE,1,1.49,1,2017-01-01 10:32:09
1532,31198905577,6533889,MISCELLANEOUS,COUPON/MISC ITEMS,GASOLINE-REG UNLEADED,10087,25.01,1,2017-01-01 10:34:46
1204,31198890240,874972,MEAT,BEEF,SELECT BEEF,2,9.63,1,2017-01-01 10:36:24
1204,31198890240,949294,PASTRY,BREAKFAST SWEETS,SW GDS:DONUTS,1,4.29,1,2017-01-01 10:36:24
1204,31198890240,961269,GROCERY,FRZN POTATOES,FRZN FRENCH FRIES,1,1.67,1,2017-01-01 10:36:24
1204,31198890240,992897,PASTRY,SWEET GOODS & SNACKS,SW GDS: PUFF PASTRY,1,2.99,1,2017-01-01 10:36:24
1204,31198890240,6391436,GROCERY,CONDIMENTS/SAUCES,CATSUP,1,0.89,1,2017-01-01 10:36:24
1130,31198520330,856060,GROCERY,CANNED JUICES,FRUIT DRINKS: CANNED & GLASS (,1,2.07,1,2017-01-01 10:38:18
1130,31198520330,883963,MEAT-PCKGD,HOT DOGS,ECONOMY - MEAT,4,5.0,1,2017-01-01 10:38:18
1130,31198520330,952695,MEAT,BEEF,CHOICE BEEF,1,3.77,1,2017-01-01 10:38:18
1130,31198520330,976200,MEAT-PCKGD,BREAKFAST SAUSAGE/SANDWICHES,SAUSAGE,1,1.99,1,2017-01-01 10:38:18
1130,31198520330,1041457,MEAT,SMOKED MEATS,SMOKED OFFAL,1,1.17,1,2017-01-01 10:38:18
1130,31198520330,1095700,MEAT-PCKGD,DINNER SAUSAGE,SMOKED/COOKED,2,2.5,1,2017-01-01 10:38:18
1130,31198520330,8090509,GROCERY,SOFT DRINKS,SOFT DRINKS 12/18&15PK CAN CAR,1,3.0,1,2017-01-01 10:38:18
1130,31198520330,8090519,GROCERY,SOFT DRINKS,SOFT DRINKS 12/18&15PK CAN CAR,1,3.0,1,2017-01-01 10:38:18
1130,31198520330,8090550,GROCERY,SOFT DRINKS,SOFT DRINKS 12/18&15PK CAN CAR,1,3.0,1,2017-01-01 10:38:18
1130,31198520330,9296927,GROCERY,HOUSEHOLD CLEANG NEEDS,KITCHEN & MULTI-PURPOSE CLEANE,1,2.0,1,2017-01-01 10:38:18
1873,31198640435,13133638,DRUG GM,APPAREL,FM-MLB,1,16.99,1,2017-01-01 10:42:21
712,31198695241,872137,GROCERY,BUTTER,BUTTER,1,3.99,1,2017-01-01 10:42:24
712,31198695241,977615,GROCERY,FROZEN PIE/DESSERTS,FROZEN FRUIT PIES  & COBBLERS,1,5.69,1,2017-01-01 10:42:24
712,31198695241,1122115,GROCERY,DRY BN/VEG/POTATO/RICE,POTATOES: DRY,1,1.89,1,2017-01-01 10:42:24
712,31198695241,7168026,GROCERY,ICE CREAM/MILK/SHERBTS,PREMIUM,1,4.99,1,2017-01-01 10:42:24
712,31198695241,12693501,PRODUCE,PROCESSED,DRESSINGS,1,2.0,1,2017-01-01 10:42:24
1769,31198705337,823704,MEAT-PCKGD,BREAKFAST SAUSAGE/SANDWICHES,ROLLS - PORK,1,3.79,1,2017-01-01 10:43:22
1769,31198705337,844179,MEAT,BEEF,PRIMAL,1,3.48,1,2017-01-01 10:43:22
1769,31198705337,900667,GROCERY,DRY NOODLES/PASTA,MACARONI DRY,1,0.89,1,2017-01-01 10:43:22
1769,31198705337,912004,GROCERY,WATER - CARBONATED/FLVRD DRINK,NON-CRBNTD DRNKING/MNERAL WATE,2,3.98,1,2017-01-01 10:43:22
1769,31198705337,962568,PRODUCE,VEGETABLES - ALL OTHERS,CELERY,1,1.49,1,2017-01-01 10:43:22
1769,31198705337,995242,GROCERY,FLUID MILK PRODUCTS,FLUID MILK WHITE ONLY,1,1.99,1,2017-01-01 10:43:22
1769,31198705337,1022254,PRODUCE,POTATOES,POTATOES SWEET&YAMS,1,3.73,1,2017-01-01 10:43:22
1769,31198705337,5563934,MEAT-PCKGD,DINNER SAUSAGE,SMOKED/COOKED - BEEF,1,2.99,1,2017-01-01 10:43:22
1769,31198705337,9420140,GROCERY,CHEESE,SHREDDED CHEESE,2,4.0,1,2017-01-01 10:43:22
1769,31198705337,12487331,SEAFOOD,SEAFOOD - FROZEN,SEAFOOD-FRE-LIVE SHLFSH-OTHER,1,4.99,1,2017-01-01 10:43:22
1769,31198705337,12695977,GROCERY,BAG SNACKS,TORTILLA/NACHO CHIPS,1,2.0,1,2017-01-01 10:43:22
1510,31225445218,883908,DRUG GM,COLD AND FLU,COLD AND FLU - PSE,1,3.79,1,2017-01-01 10:44:10
2329,31198490306,849021,DRUG GM,FIRST AID PRODUCTS,HYDROCORTIZONE,1,3.99,1,2017-01-01 10:46:03
2329,31198490306,972665,MEAT-PCKGD,BREAKFAST SAUSAGE/SANDWICHES,OTHER,1,3.59,1,2017-01-01 10:46:03
2329,31198490306,981760,GROCERY,EGGS,EGGS - X-LARGE,1,1.0,1,2017-01-01 10:46:03
2329,31198490306,1118878,GROCERY,REFRGRATD JUICES/DRNKS,DAIRY CASE 100% PURE JUICE - O,2,4.0,1,2017-01-01 10:46:03
1914,31198695253,833723,GROCERY,BAG SNACKS,SGL SV/VEND MACH SNACKS CHIP/P,1,0.3,1,2017-01-01 10:47:31
1914,31198695253,850795,GROCERY,YOGURT,YOGURT NOT MULTI-PACKS,1,0.6,1,2017-01-01 10:47:31
1914,31198695253,851398,DRUG GM,CANDY - PACKAGED,CANDY REFRIGERATED,1,6.19,1,2017-01-01 10:47:31
1914,31198695253,862349,GROCERY,FLUID MILK PRODUCTS,FLUID MILK WHITE ONLY,1,1.99,1,2017-01-01 10:47:31
1914,31198695253,863354,DRUG GM,EYE AND EAR CARE PRODUCTS,GENERAL EYE CARE,1,5.99,1,2017-01-01 10:47:31
1914,31198695253,873572,GROCERY,COOKIES/CONES,PREMIUM COOKIES (EX: PEPPERIDG,1,4.99,1,2017-01-01 10:47:31
1914,31198695253,878880,GROCERY,YOGURT,YOGURT NOT MULTI-PACKS,1,0.6,1,2017-01-01 10:47:31
1914,31198695253,913202,GROCERY,BAG SNACKS,SGL SV/VEND MACH SNACKS CHIP/P,1,0.3,1,2017-01-01 10:47:31
1914,31198695253,990680,DRUG GM,HAIR CARE PRODUCTS,SHAMPOO,1,2.5,1,2017-01-01 10:47:31
1914,31198695253,999104,GROCERY,REFRGRATD JUICES/DRNKS,DAIRY CASE 100% PURE JUICE - O,1,3.39,1,2017-01-01 10:47:31
1914,31198695253,1027642,GROCERY,CANNED JUICES,PINEAPPLE JUICE (OVER 50% JUIC,1,2.59,1,2017-01-01 10:47:31
1914,31198695253,1107159,DRUG GM,ANTACIDS,ANTI-ACIDS,1,4.49,1,2017-01-01 10:47:31
1914,31198695253,9526886,GROCERY,BAG SNACKS,SGL SV/VEND MACH SNACKS CHIP/P,1,0.3,1,2017-01-01 10:47:31
1914,31198695253,9802981,GROCERY,SOFT DRINKS,SFT DRNK MLT-PK BTL CARB (EXCP,1,3.49,1,2017-01-01 10:47:31
1899,31198500220,821083,GROCERY,EGGS,EGGS - JUMBO,1,1.59,1,2017-01-01 10:48:12
1899,31198500220,825753,GROCERY,FRZN MEAT/MEAT DINNERS,SS ECONOMY ENTREES/DINNERS ALL,1,1.0,1,2017-01-01 10:48:12
1899,31198500220,827180,GROCERY,DINNER MXS:DRY,STUFFING MIXES,1,1.5,1,2017-01-01 10:48:12
1899,31198500220,827194,GROCERY,PWDR/CRYSTL DRNK MX,SOFT DRINK CANISTERS,1,2.99,1,2017-01-01 10:48:12
1899,31198500220,833598,DELI,CHEESES,CHEESE: PROCESSED BULK,1,5.81,1,2017-01-01 10:48:12
1899,31198500220,835300,MEAT,CHICKEN,CHICKEN THIGHS,1,3.77,1,2017-01-01 10:48:12
1899,31198500220,839419,MEAT-PCKGD,MEAT - MISC,BREAST - BONELESS(IQF),1,8.99,1,2017-01-01 10:48:12
1899,31198500220,842125,GROCERY,SHORTENING/OIL,COOKING SPRAYS,1,2.5,1,2017-01-01 10:48:12
1899,31198500220,844818,GROCERY,BAG SNACKS,CORN CHIPS,1,1.88,1,2017-01-01 10:48:12
1899,31198500220,845078,GROCERY,BAG SNACKS,BAGGED CHEESE SNACKS,1,1.88,1,2017-01-01 10:48:12
1899,31198500220,846986,PRODUCE,CITRUS,ORANGES NAVELS ALL,1,2.99,1,2017-01-01 10:48:12
1899,31198500220,849870,GROCERY,BAKED SWEET GOODS,SWEET GOODS - FULL SIZE,1,2.29,1,2017-01-01 10:48:12
1899,31198500220,851188,GROCERY,FRZN MEAT/MEAT DINNERS,SNACKS/APPETIZERS,1,3.99,1,2017-01-01 10:48:12
1899,31198500220,858918,GROCERY,DINNER MXS:DRY,STUFFING MIXES,1,1.5,1,2017-01-01 10:48:12
1899,31198500220,863447,MEAT,BEEF,CHOICE BEEF,1,5.88,1,2017-01-01 10:48:12
1899,31198500220,866158,GROCERY,BAG SNACKS,POTATO CHIPS,1,2.0,1,2017-01-01 10:48:12
1899,31198500220,870547,GROCERY,MARGARINES,MARGARINE: TUBS AND BOWLS,1,2.17,1,2017-01-01 10:48:12
1899,31198500220,871680,GROCERY,YOGURT,YOGURT MULTI-PACKS,1,2.5,1,2017-01-01 10:48:12
1899,31198500220,874972,MEAT,BEEF,SELECT BEEF,2,13.58,1,2017-01-01 10:48:12
1899,31198500220,875415,GROCERY,SUGARS/SWEETNERS,SWEETENERS,1,3.74,1,2017-01-01 10:48:12
1899,31198500220,879504,GROCERY,BAG SNACKS,POTATO CHIPS,1,2.0,1,2017-01-01 10:48:12
1899,31198500220,882288,GROCERY,FRZN VEGETABLE/VEG DSH,FRZN BAGGED VEGETABLES - PLAIN,2,2.0,1,2017-01-01 10:48:12
1899,31198500220,883932,GROCERY,CRACKERS/MISC BKD FD,SOUP CRACKERS (SALTINE/OYSTER),1,2.49,1,2017-01-01 10:48:12
1899,31198500220,885795,GROCERY,BAKED SWEET GOODS,SNACK CAKE - MULTI PACK,1,1.29,1,2017-01-01 10:48:12
1899,31198500220,893729,GROCERY,FRZN MEAT/MEAT DINNERS,FRZN BREADED PREPARED CHICK,1,2.0,1,2017-01-01 10:48:12
1899,31198500220,897752,GROCERY,BAG SNACKS,PRETZELS,1,2.29,1,2017-01-01 10:48:12
1899,31198500220,899624,PRODUCE,POTATOES,POTATOES RUSSET (BULK&BAG),1,3.99,1,2017-01-01 10:48:12
1899,31198500220,909638,GROCERY,FRZN MEAT/MEAT DINNERS,SS ECONOMY ENTREES/DINNERS ALL,1,1.0,1,2017-01-01 10:48:12
1899,31198500220,910745,GROCERY,BEANS - CANNED GLASS & MW,VARIETY BEANS - KIDNEY PINTO,2,0.72,1,2017-01-01 10:48:12
1899,31198500220,915787,GROCERY,DOG FOODS,DRY DOG FOOD SUPER PREM (ONE/N,1,13.99,1,2017-01-01 10:48:12
1899,31198500220,919534,GROCERY,REFRGRATD DOUGH PRODUCTS,REFRIGERATED SPECILATY ROLLS,1,2.29,1,2017-01-01 10:48:12
1899,31198500220,919700,PRODUCE,APPLES,APPLES GOLD DELICIOUS (BULK&BA,1,3.99,1,2017-01-01 10:48:12
1899,31198500220,920626,MEAT-PCKGD,BREAKFAST SAUSAGE/SANDWICHES,LINKS - RAW,1,2.0,1,2017-01-01 10:48:12
1899,31198500220,930838,MEAT-PCKGD,LUNCHMEAT,BOLOGNA,1,1.99,1,2017-01-01 10:48:12
1899,31198500220,933067,MEAT-PCKGD,BACON,FLAVORED/OTHER,2,5.0,1,2017-01-01 10:48:12
1899,31198500220,939751,GROCERY,HISPANIC,MEXICAN DINNERS AND FOODS,1,2.5,1,2017-01-01 10:48:12
1899,31198500220,942762,GROCERY,PICKLE/RELISH/PKLD VEG,PICKLES,1,2.0,1,2017-01-01 10:48:12
1899,31198500220,951590,GROCERY,BAKED BREAD/BUNS/ROLLS,MAINSTREAM WHITE BREAD,1,1.79,1,2017-01-01 10:48:12
1899,31198500220,952317,GROCERY,BAKED SWEET GOODS,SNACK CAKE - MULTI PACK,1,1.09,1,2017-01-01 10:48:12
1899,31198500220,957063,GROCERY,MEAT - SHELF STABLE,CHILI: CANNED,2,5.0,1,2017-01-01 10:48:12
1899,31198500220,957243,GROCERY,FRZN VEGETABLE/VEG DSH,FRZN CORN ON THE COB,1,5.99,1,2017-01-01 10:48:12
1899,31198500220,961554,PRODUCE,CARROTS,CARROTS MINI PEELED,1,1.25,1,2017-01-01 10:48:12
1899,31198500220,963226,GROCERY,FRZN POTATOES,FRZN FRENCH FRIES,2,3.34,1,2017-01-01 10:48:12
1899,31198500220,969147,DRUG GM,SOAP - LIQUID & BAR,BAR SOAP,1,4.69,1,2017-01-01 10:48:12
1899,31198500220,977367,DRUG GM,ANALGESICS,ADULT ANALGESICS,1,3.99,1,2017-01-01 10:48:12
1899,31198500220,978313,GROCERY,FRUIT - SHELF STABLE,APPLE SAUCE,1,1.55,1,2017-01-01 10:48:12
1899,31198500220,980860,GROCERY,COOKIES/CONES,VANILLA WAFER/KIDS COOKIES,1,1.89,1,2017-01-01 10:48:12
1899,31198500220,986612,DRUG GM,KITCHEN GADGETS,GADGETS/TOOLS,1,0.89,1,2017-01-01 10:48:12
1899,31198500220,990981,GROCERY,FRUIT - SHELF STABLE,PINEAPPLE,1,1.19,1,2017-01-01 10:48:12
1899,31198500220,995965,PRODUCE,SALAD MIX,GARDEN PLUS,2,2.99,1,2017-01-01 10:48:12
1899,31198500220,998008,GROCERY,MILK BY-PRODUCTS,REFRIG DIPS,1,2.09,1,2017-01-01 10:48:12
1899,31198500220,998206,GROCERY,FRZN MEAT/MEAT DINNERS,FRZN MULTI SERVE ENTREES ALL,2,4.12,1,2017-01-01 10:48:12
1899,31198500220,1006342,NUTRITION,CEREAL/BREAKFAST,CEREAL - COLD,1,3.69,1,2017-01-01 10:48:12
1899,31198500220,1012801,GROCERY,HOT CEREAL,OTHER HOT CEREAL,1,3.49,1,2017-01-01 10:48:12
1899,31198500220,1017195,GROCERY,FROZEN BREAD/DOUGH,FRZN GARLIC BREAD/TOAST/STICKS,1,2.0,1,2017-01-01 10:48:12
1899,31198500220,1029743,GROCERY,FLUID MILK PRODUCTS,FLUID MILK WHITE ONLY,1,2.49,1,2017-01-01 10:48:12
1899,31198500220,1043494,GROCERY,FROZEN PIZZA,SNACKS/APPETIZERS,1,3.49,1,2017-01-01 10:48:12
1899,31198500220,1045515,GROCERY,VEGETABLES - SHELF STABLE,CORN,4,2.4,1,2017-01-01 10:48:12
1899,31198500220,1048325,GROCERY,FRZN MEAT/MEAT DINNERS,FRZN BREADED PREPARED CHICK,1,2.0,1,2017-01-01 10:48:12
1899,31198500220,1049788,MISCELLANEOUS,COUPON/MISC ITEMS,MEAT SUPPLIES,1,6.62,1,2017-01-01 10:48:12
1899,31198500220,1053730,MEAT-PCKGD,DINNER SAUSAGE,SMOKED/COOKED - BETTER FOR YOU,1,2.99,1,2017-01-01 10:48:12
1899,31198500220,1062467,DRUG GM,DIAPERS & DISPOSABLES,BABY DIAPERS,1,15.99,1,2017-01-01 10:48:12
1899,31198500220,1062966,MEAT-PCKGD,HOT DOGS,ECONOMY - MEAT,1,1.25,1,2017-01-01 10:48:12
1899,31198500220,1064254,MEAT-PCKGD,FROZEN MEAT,FRZN SS PREMIUM ENTREES/DNRS/T,1,3.99,1,2017-01-01 10:48:12
1899,31198500220,1065547,GROCERY,DRY MIX DESSERTS,PUDDING&GELATIN CUPS/CANS,1,3.59,1,2017-01-01 10:48:12
1899,31198500220,1066641,COSMETICS,MAKEUP AND TREATMENT,MISC. FIRST AID PRODUCTS,1,1.99,1,2017-01-01 10:48:12
1899,31198500220,1070820,GROCERY,FLUID MILK PRODUCTS,FLUID MILK WHITE ONLY,1,2.49,1,2017-01-01 10:48:12
1899,31198500220,1072405,GROCERY,FROZEN BREAD/DOUGH,FRZN GARLIC BREAD/TOAST/STICKS,1,2.0,1,2017-01-01 10:48:12
1899,31198500220,1075979,GROCERY,FRZN MEAT/MEAT DINNERS,FRZN MULTI SERVE ENTREES ALL,2,4.12,1,2017-01-01 10:48:12
1899,31198500220,1079228,GROCERY,BAG SNACKS,PRETZELS,1,0.0,1,2017-01-01 10:48:12
1899,31198500220,1081421,GROCERY,FRZN MEAT/MEAT DINNERS,SS ECONOMY ENTREES/DINNERS ALL,1,1.0,1,2017-01-01 10:48:12
1899,31198500220,1081470,GROCERY,FROZEN PIZZA,SNACKS/APPETIZERS,1,2.0,1,2017-01-01 10:48:12
1899,31198500220,1083328,GROCERY,FRZN MEAT/MEAT DINNERS,SS ECONOMY ENTREES/DINNERS ALL,1,1.0,1,2017-01-01 10:48:12
1899,31198500220,1084551,GROCERY,DINNER MXS:DRY,SKILLET DINNERS,1,2.0,1,2017-01-01 10:48:12
1899,31198500220,1084597,GROCERY,CONVENIENT BRKFST/WHLSM SNACKS,TOASTER PASTRIES,1,1.33,1,2017-01-01 10:48:12
1899,31198500220,1085983,GROCERY,COOKIES/CONES,TRAY PACK/CHOC CHIP COOKIES,1,3.39,1,2017-01-01 10:48:12
1899,31198500220,1090701,GROCERY,FROZEN BREAD/DOUGH,FRZN GARLIC BREAD/TOAST/STICKS,1,1.58,1,2017-01-01 10:48:12
1899,31198500220,1092502,GROCERY,REFRGRATD DOUGH PRODUCTS,REFRIGERATED SPECILATY ROLLS,1,2.29,1,2017-01-01 10:48:12
1899,31198500220,1094955,GROCERY,MEAT - SHELF STABLE,SANDWICH SAUCE,1,1.31,1,2017-01-01 10:48:12
1899,31198500220,1096573,GROCERY,FRZN MEAT/MEAT DINNERS,SNACKS/APPETIZERS,1,3.99,1,2017-01-01 10:48:12
1899,31198500220,1101858,GROCERY,SOUP,CONDENSED SOUP,1,2.19,1,2017-01-01 10:48:12
1899,31198500220,1102456,GROCERY,BEANS - CANNED GLASS & MW,PREPARED BEANS - BAKED W/PORK,1,1.58,1,2017-01-01 10:48:12
1899,31198500220,1106301,MEAT,BEEF,LEAN,3,5.97,1,2017-01-01 10:48:12
1899,31198500220,1112598,GROCERY,BAKING NEEDS,MARSHMALLOWS,1,0.99,1,2017-01-01 10:48:12
1899,31198500220,1113588,GROCERY,FRZN MEAT/MEAT DINNERS,SS ECONOMY ENTREES/DINNERS ALL,3,3.0,1,2017-01-01 10:48:12
1899,31198500220,1122358,GROCERY,REFRGRATD JUICES/DRNKS,DAIRY CASE 100% PURE JUICE - O,1,2.78,1,2017-01-01 10:48:12
1899,31198500220,5582789,GROCERY,YOGURT,YOGURT NOT MULTI-PACKS,2,0.78,1,2017-01-01 10:48:12
1899,31198500220,5584808,GROCERY,YOGURT,YOGURT NOT MULTI-PACKS,2,0.78,1,2017-01-01 10:48:12
1899,31198500220,5585639,GROCERY,YOGURT,YOGURT NOT MULTI-PACKS,2,0.78,1,2017-01-01 10:48:12
1899,31198500220,6442496,DRUG GM,HAIR CARE PRODUCTS,SHAMPOO,1,3.99,1,2017-01-01 10:48:12
1899,31198500220,6703768,DRUG GM,SHAVING CARE PRODUCTS,RAZORS AND BLADES,1,6.99,1,2017-01-01 10:48:12
1899,31198500220,7442008,GROCERY,BAG SNACKS,POTATO CHIPS,1,3.19,1,2017-01-01 10:48:12
1899,31198500220,8118968,GROCERY,CANNED JUICES,ASEPTIC PACK JUICE AND DRINKS,1,1.75,1,2017-01-01 10:48:12
1899,31198500220,8181477,GROCERY,SOFT DRINKS,SFT DRNK SNGL SRV BTL CARB (EX,1,1.29,1,2017-01-01 10:48:12
1899,31198500220,8205418,MEAT-PCKGD,LUNCHMEAT,POULTRY,1,3.29,1,2017-01-01 10:48:12
1899,31198500220,9419769,GROCERY,BATH TISSUES,TOILET TISSUE,1,14.99,1,2017-01-01 10:48:12
1899,31198500220,9419888,GROCERY,YOGURT,YOGURT MULTI-PACKS,1,3.49,1,2017-01-01 10:48:12
1899,31198500220,9445549,GROCERY,VEGETABLES - SHELF STABLE,TOMATOES: STEWED/DICED/CRMD,2,2.0,1,2017-01-01 10:48:12
1899,31198500220,9553288,GROCERY,BATH TISSUES,TOILET TISSUE,1,5.64,1,2017-01-01 10:48:12
1899,31198500220,9835408,MEAT,PORK,ENHANCED,1,5.63,1,2017-01-01 10:48:12
1899,31198500220,10284834,GROCERY,CONVENIENT BRKFST/WHLSM SNACKS,FRUIT SNACKS,1,2.79,1,2017-01-01 10:48:12
1899,31198500220,12301100,MEAT,BEEF,LEAN,2,5.78,1,2017-01-01 10:48:12
1936,31198640454,1008596,GROCERY,COFFEE,INSTANT COFFEE FLAVORED NO SWE,1,1.99,1,2017-01-01 10:49:32
518,31198990254,844179,MEAT,BEEF,PRIMAL,3,11.15,1,2017-01-01 10:49:32
518,31198990254,860975,GROCERY,REFRGRATD JUICES/DRNKS,DAIRY CASE 100% PURE JUICE - O,1,1.61,1,2017-01-01 10:49:32
518,31198990254,862732,GROCERY,SOFT DRINKS,SFT DRNK 2 LITER BTL CARB INCL,1,0.88,1,2017-01-01 10:49:32
518,31198990254,867886,GROCERY,SOUP,CONDENSED SOUP,3,2.97,1,2017-01-01 10:49:32
518,31198990254,869344,GROCERY,FRZN VEGETABLE/VEG DSH,FRZN BAGGED VEGETABLES - PLAIN,1,1.0,1,2017-01-01 10:49:32
518,31198990254,870177,GROCERY,SPICES & EXTRACTS,SPICES & SEASONINGS,1,2.34,1,2017-01-01 10:49:32
518,31198990254,902167,GROCERY,FRZN VEGETABLE/VEG DSH,FRZN BAGGED VEGETABLES - PLAIN,1,1.0,1,2017-01-01 10:49:32
518,31198990254,962568,PRODUCE,VEGETABLES - ALL OTHERS,CELERY,1,1.49,1,2017-01-01 10:49:32
518,31198990254,983572,GROCERY,SPICES & EXTRACTS,SPICES & SEASONINGS,1,1.33,1,2017-01-01 10:49:32
518,31198990254,1004906,PRODUCE,POTATOES,POTATOES RUSSET (BULK&BAG),1,2.99,1,2017-01-01 10:49:32
518,31198990254,1011578,GROCERY,FRZN VEGETABLE/VEG DSH,FRZN BAGGED VEGETABLES - PLAIN,1,1.0,1,2017-01-01 10:49:32
518,31198990254,1020682,MEAT-PCKGD,MISCELLANEOUS,SAUERKRAUT,1,0.99,1,2017-01-01 10:49:32
518,31198990254,1029479,MEAT-PCKGD,DINNER SAUSAGE,SMOKED/COOKED,2,5.98,1,2017-01-01 10:49:32
518,31198990254,1037863,PRODUCE,VEGETABLES - ALL OTHERS,CABBAGE,1,0.77,1,2017-01-01 10:49:32
518,31198990254,1042697,MISCELLANEOUS,COUPON/MISC ITEMS,PRODUCE DEPT KEY RING,1,1.99,1,2017-01-01 10:49:32
518,31198990254,1084968,GROCERY,CANNED JUICES,TOMATO JUICE (OVER 50% JCE),3,3.0,1,2017-01-01 10:49:32
518,31198990254,1112333,PRODUCE,VEGETABLES - ALL OTHERS,GREENS,1,0.85,1,2017-01-01 10:49:32
518,31198990254,1125904,GROCERY,VEGETABLES - SHELF STABLE,TOMATOES: STEWED/DICED/CRMD,1,1.09,1,2017-01-01 10:49:32
518,31198990254,1130777,GROCERY,FRZN ICE,ICE - CRUSHED/CUBED,1,1.49,1,2017-01-01 10:49:32
518,31198990254,1135006,GROCERY,SPICES & EXTRACTS,SPICES & SEASONINGS,1,2.34,1,2017-01-01 10:49:32
518,31198990254,6979393,MEAT,BEEF,FLANK,1,1.07,1,2017-01-01 10:49:32
518,31198990254,7409940,GROCERY,FRZN VEGETABLE/VEG DSH,FRZN BAGGED VEGETABLES - PLAIN,1,1.89,1,2017-01-01 10:49:32
518,31198990254,7410344,GROCERY,FRZN VEGETABLE/VEG DSH,FRZN BAGGED VEGETABLES - PLAIN,1,1.89,1,2017-01-01 10:49:32
434,31198676474,868656,DRUG GM,COLD AND FLU,SINUS AND ALLERGY,1,4.99,1,2017-01-01 10:54:44
434,31198676474,883963,MEAT-PCKGD,HOT DOGS,ECONOMY - MEAT,1,1.25,1,2017-01-01 10:54:44
434,31198676474,891648,GROCERY,FRZN MEAT/MEAT DINNERS,SS ECONOMY ENTREES/DINNERS ALL,1,2.0,1,2017-01-01 10:54:44
434,31198676474,918046,DRUG GM,CIGARETTES,CIGARETTES,1,4.59,1,2017-01-01 10:54:44
434,31198676474,978367,GROCERY,BEERS/ALES,BEERALEMALT LIQUORS,3,2.97,1,2017-01-01 10:54:44
434,31198676474,1046587,GROCERY,COLD CEREAL,KIDS CEREAL,1,2.5,1,2017-01-01 10:54:44
434,31198676474,1081189,GROCERY,FLUID MILK PRODUCTS,FLUID MILK WHITE ONLY,1,1.0,1,2017-01-01 10:54:44
434,31198676474,1095040,GROCERY,FRZN MEAT/MEAT DINNERS,SS ECONOMY ENTREES/DINNERS ALL,1,2.0,1,2017-01-01 10:54:44
434,31198676474,5568378,GROCERY,BAG SNACKS,TORTILLA/NACHO CHIPS,1,1.88,1,2017-01-01 10:54:44
434,31198676474,6395943,GROCERY,SOFT DRINKS,JUICE (UNDER 10% JUICE),1,0.88,1,2017-01-01 10:54:44
434,31198676474,9707451,GROCERY,SOFT DRINKS,JUICE (UNDER 10% JUICE),1,0.88,1,2017-01-01 10:54:44
2004,31198500233,849843,GROCERY,BAKED BREAD/BUNS/ROLLS,MAINSTREAM WHEAT/MULTIGRAIN BR,1,1.0,1,2017-01-01 10:55:19
2004,31198500233,861272,GROCERY,EGGS,EGGS - LARGE,1,0.69,1,2017-01-01 10:55:19
2004,31198500233,880228,GROCERY,FD WRAPS/BAGS/TRSH BG,WAX PAPER & FREEZER PAPER,1,2.5,1,2017-01-01 10:55:19
2004,31198500233,890695,GROCERY,FROZEN PIZZA,SNACKS/APPETIZERS,1,2.0,1,2017-01-01 10:55:19
2004,31198500233,892727,GROCERY,DOG FOODS,DOG BISCUITS (HARD BISCUIT),1,0.99,1,2017-01-01 10:55:19
2004,31198500233,951590,GROCERY,BAKED BREAD/BUNS/ROLLS,MAINSTREAM WHITE BREAD,1,1.79,1,2017-01-01 10:55:19
2004,31198500233,1045046,DRUG GM,STATIONERY & SCHOOL SUPPLIES,FASTENERS,1,1.19,1,2017-01-01 10:55:19
2004,31198500233,1069635,GROCERY,BAKING MIXES,FROSTING,1,1.5,1,2017-01-01 10:55:19
2004,31198500233,1131974,GROCERY,BAKED BREAD/BUNS/ROLLS,DINNER ROLLS,1,1.0,1,2017-01-01 10:55:19
1715,31198635234,903325,PRODUCE,BROCCOLI/CAULIFLOWER,BROCCOLI WHOLE&CROWNS,1,1.69,1,2017-01-01 10:56:20
1715,31198635234,977910,GROCERY,VEGETABLES - SHELF STABLE,KRAUT & CABBAGE,1,1.79,1,2017-01-01 10:56:20
1715,31198635234,997487,PASTRY,ROLLS,ROLLS: DINNER,1,1.29,1,2017-01-01 10:56:20
1715,31198635234,1055646,PRODUCE,VEGETABLES SALAD,HEAD LETTUCE,0,0.0,1,2017-01-01 10:56:20
1715,31198635234,13071586,PRODUCE,ORGANICS FRUIT & VEGETABLES,ORGANIC HERBS,1,2.0,1,2017-01-01 10:56:20
2004,31198500250,882496,GROCERY,MARGARINES,MARGARINE: TUBS AND BOWLS,1,1.49,1,2017-01-01 11:01:30
121,31198700385,9297017,GROCERY,CONVENIENT BRKFST/WHLSM SNACKS,TOASTER PASTRIES,1,1.79,1,2017-01-01 11:01:51
1993,31198920452,902101,MEAT,PORK,SHLDR - BUTT,1,9.24,1,2017-01-01 11:09:31
1993,31198920452,932298,GROCERY,SOFT DRINKS,SFT DRNK 2 LITER BTL CARB INCL,1,0.88,1,2017-01-01 11:09:31
1993,31198920452,947067,MEAT,PORK,SHLDR - STK/CHP/SLC,1,3.74,1,2017-01-01 11:09:31
1993,31198920452,989354,GROCERY,SOFT DRINKS,SOFT DRINK BOTTLE NON-CARB (EX,1,0.59,1,2017-01-01 11:09:31
1993,31198920452,1020682,MEAT-PCKGD,MISCELLANEOUS,SAUERKRAUT,2,1.98,1,2017-01-01 11:09:31
1206,31198775353,1020682,MEAT-PCKGD,MISCELLANEOUS,SAUERKRAUT,3,2.97,1,2017-01-01 11:11:31
122,31198570413,839849,GROCERY,SOFT DRINKS,SFT DRNK 2 LITER BTL CARB INCL,1,0.59,1,2017-01-01 11:15:07
122,31198570413,965766,GROCERY,CHEESE,IWS SINGLE CHEESE,1,1.67,1,2017-01-01 11:15:07
122,31198570413,1024329,GROCERY,BAKED BREAD/BUNS/ROLLS,SANDWICH BUNS,1,1.99,1,2017-01-01 11:15:07
122,31198570413,1039156,DRUG GM,NEWSPAPER,NEWSPAPER,1,1.5,1,2017-01-01 11:15:07
122,31198570413,1062930,DRUG GM,ANALGESICS,ADULT ANALGESICS,1,4.19,1,2017-01-01 11:15:07
608,31198460296,1039156,DRUG GM,NEWSPAPER,NEWSPAPER,1,1.5,1,2017-01-01 11:19:57
608,31198460296,1067176,DRUG GM,DIAPERS & DISPOSABLES,BABY DIAPERS,1,8.99,1,2017-01-01 11:19:57
608,31198460296,1071342,GROCERY,COLD CEREAL,ALL FAMILY CEREAL,1,3.19,1,2017-01-01 11:19:57
608,31198460296,1138487,GROCERY,HOT CEREAL,INSTANT OATMEAL,1,3.89,1,2017-01-01 11:19:57
608,31198460296,5569327,GROCERY,BAG SNACKS,TORTILLA/NACHO CHIPS,1,1.88,1,2017-01-01 11:19:57
608,31198460296,7409845,DRUG GM,BABY HBC,BABY WIPES,1,2.19,1,2017-01-01 11:19:57
900,31198570449,890536,GROCERY,WATER - CARBONATED/FLVRD DRINK,NON-CRBNTD DRNKING/MNERAL WATE,1,0.69,1,2017-01-01 11:24:29
1765,31198970244,824005,PRODUCE,MUSHROOMS,MUSHROOMS WHITE SLICED PKG,1,1.99,1,2017-01-01 11:26:26
1765,31198970244,826144,PASTRY,BREAD,BREAD:ITALIAN/FRENCH,1,1.0,1,2017-01-01 11:26:26
1765,31198970244,826842,DRUG GM,SOAP - LIQUID & BAR,BAR SOAP,1,2.19,1,2017-01-01 11:26:26
1765,31198970244,834842,GROCERY,REFRGRATD DOUGH PRODUCTS,REFRIGERATED BISCUITS REGULAR,1,1.69,1,2017-01-01 11:26:26
1765,31198970244,837908,MEAT-PCKGD,FROZEN MEAT,FRZN MULTI SERVE ENTREES ALL,1,3.0,1,2017-01-01 11:26:26
1765,31198970244,850530,GROCERY,MEAT - SHELF STABLE,CHILI: CANNED,2,3.0,1,2017-01-01 11:26:26
1765,31198970244,858302,GROCERY,BAKED SWEET GOODS,SNACK CAKE - MULTI PACK,1,1.22,1,2017-01-01 11:26:26
1765,31198970244,869047,MEAT-PCKGD,DINNER SAUSAGE,SMOKED/COOKED - BEEF,1,2.99,1,2017-01-01 11:26:26
1765,31198970244,870547,GROCERY,MARGARINES,MARGARINE: TUBS AND BOWLS,1,2.13,1,2017-01-01 11:26:26
1765,31198970244,871513,GROCERY,FRZN MEAT/MEAT DINNERS,FRZN MULTI SERVE ENTREES ALL,2,4.12,1,2017-01-01 11:26:26
1765,31198970244,872762,GROCERY,FD WRAPS/BAGS/TRSH BG,FREEZER BAGS,1,2.79,1,2017-01-01 11:26:26
1765,31198970244,882305,MISCELLANEOUS,COUPON/MISC ITEMS,MISCELLANEOUS H & B AIDS,1,1.99,1,2017-01-01 11:26:26
1765,31198970244,899624,PRODUCE,POTATOES,POTATOES RUSSET (BULK&BAG),1,3.99,1,2017-01-01 11:26:26
1765,31198970244,906509,GROCERY,BAG SNACKS,BAGGED POPPED POPCORN,1,2.0,1,2017-01-01 11:26:26
1765,31198970244,908504,MEAT-PCKGD,LUNCHMEAT,LUNCH COMBO,3,7.77,1,2017-01-01 11:26:26
1765,31198970244,913894,PRODUCE,ORGANICS FRUIT & VEGETABLES,ORGANIC CARROTS,1,1.89,1,2017-01-01 11:26:26
1765,31198970244,916122,MEAT,CHICKEN,CHICKEN BREAST BONELESS,2,6.87,1,2017-01-01 11:26:26
1765,31198970244,926755,GROCERY,SHORTENING/OIL,COOKING SPRAYS,1,1.5,1,2017-01-01 11:26:26
1765,31198970244,927152,GROCERY,HOUSEHOLD CLEANG NEEDS,FURNITURE,1,2.29,1,2017-01-01 11:26:26
1765,31198970244,941741,GROCERY,BAKED SWEET GOODS,SNACK CAKE - MULTI PACK,1,1.22,1,2017-01-01 11:26:26
1765,31198970244,941856,GROCERY,FROZEN PIZZA,SNACKS/APPETIZERS,1,3.49,1,2017-01-01 11:26:26
1765,31198970244,951590,GROCERY,BAKED BREAD/BUNS/ROLLS,MAINSTREAM WHITE BREAD,1,1.79,1,2017-01-01 11:26:26
1765,31198970244,952317,GROCERY,BAKED SWEET GOODS,SNACK CAKE - MULTI PACK,1,1.09,1,2017-01-01 11:26:26
1765,31198970244,966348,MEAT,SMOKED MEATS,HAM- NET WEIGHT,1,3.99,1,2017-01-01 11:26:26
1765,31198970244,970605,MEAT-PCKGD,FROZEN MEAT,CORN DOGS,1,2.99,1,2017-01-01 11:26:26
1765,31198970244,971949,GROCERY,CANNED JUICES,ASEPTIC PACK JUICE AND DRINKS,1,1.89,1,2017-01-01 11:26:26
1765,31198970244,973780,GROCERY,HOUSEHOLD CLEANG NEEDS,KITCHEN & MULTI-PURPOSE CLEANE,1,2.69,1,2017-01-01 11:26:26
1765,31198970244,981944,GROCERY,SOUP,RAMEN NOODLES/RAMEN CUPS,6,3.0,1,2017-01-01 11:26:26
1765,31198970244,988791,GROCERY,CRACKERS/MISC BKD FD,CHEESE CRACKERS (CHEEZ-ITS/GOL,1,1.5,1,2017-01-01 11:26:26
1765,31198970244,989824,PRODUCE,ONIONS,ONIONS WHITE (BULK&BAG),1,1.39,1,2017-01-01 11:26:26
1765,31198970244,995242,GROCERY,FLUID MILK PRODUCTS,FLUID MILK WHITE ONLY,1,1.69,1,2017-01-01 11:26:26
1765,31198970244,1009344,GROCERY,SPICES & EXTRACTS,SALT SUBSTITUTES,1,0.89,1,2017-01-01 11:26:26
1765,31198970244,1015597,MEAT-PCKGD,LUNCHMEAT,LUNCH COMBO,2,5.18,1,2017-01-01 11:26:26
1765,31198970244,1018948,GROCERY,CAT LITTER,CONVENTIONAL LITTER,1,2.29,1,2017-01-01 11:26:26
1765,31198970244,1019078,MEAT-PCKGD,LUNCHMEAT,LUNCH COMBO,1,2.59,1,2017-01-01 11:26:26
1765,31198970244,1022003,GROCERY,SOUP,CONDENSED SOUP,4,2.64,1,2017-01-01 11:26:26
1765,31198970244,1023466,MEAT-PCKGD,LUNCHMEAT,LUNCH COMBO,1,2.59,1,2017-01-01 11:26:26
1765,31198970244,1037863,PRODUCE,VEGETABLES - ALL OTHERS,CABBAGE,1,1.75,1,2017-01-01 11:26:26
1765,31198970244,1048427,MEAT-PCKGD,LUNCHMEAT,LUNCH COMBO,2,5.18,1,2017-01-01 11:26:26
1765,31198970244,1065941,GROCERY,CANNED JUICES,ASEPTIC PACK JUICE AND DRINKS,1,1.89,1,2017-01-01 11:26:26
1765,31198970244,1070661,DRUG GM,HAIR CARE PRODUCTS,WOMENS  HAIR SPRAYS,2,2.58,1,2017-01-01 11:26:26
1765,31198970244,1087102,DELI,DELI MEATS,MEAT: TURKEY BULK,1,6.62,1,2017-01-01 11:26:26
1765,31198970244,1088751,DRUG GM,DEODORANTS,ANTIPERSPIRANTS ONLY (AEROSOL),2,5.98,1,2017-01-01 11:26:26
1765,31198970244,1096036,GROCERY,CHEESE,IWS SINGLE CHEESE,1,1.5,1,2017-01-01 11:26:26
1765,31198970244,1102927,GROCERY,CANNED JUICES,ASEPTIC PACK JUICE AND DRINKS,1,1.89,1,2017-01-01 11:26:26
1765,31198970244,1133254,GROCERY,COLD CEREAL,KIDS CEREAL,1,3.19,1,2017-01-01 11:26:26
1765,31198970244,1139216,MEAT-PCKGD,FROZEN MEAT,FRZN BREADED PREPARED CHICK,1,8.99,1,2017-01-01 11:26:26
1765,31198970244,5584040,GROCERY,CAT FOOD,DRY CAT FOOD (CAT CHOW/FRISKIE,1,3.79,1,2017-01-01 11:26:26
1765,31198970244,7025203,MEAT-PCKGD,LUNCHMEAT,VARIETY PACK,2,5.18,1,2017-01-01 11:26:26
1765,31198970244,7167026,GROCERY,SOUP,RTS SOUP: CHUNKY/HOMESTYLE ET,1,1.67,1,2017-01-01 11:26:26
1765,31198970244,7167964,GROCERY,SOUP,RTS SOUP: CHUNKY/HOMESTYLE ET,1,1.67,1,2017-01-01 11:26:26
1765,31198970244,8249551,MEAT-PCKGD,FROZEN MEAT,FRZN MULTI SERVE ENTREES ALL,1,3.0,1,2017-01-01 11:26:26
1765,31198970244,9420312,GROCERY,BATH TISSUES,TOILET TISSUE,1,1.0,1,2017-01-01 11:26:26
1765,31198970244,9526794,GROCERY,FRZN NOVELTIES/WTR ICE,WATER ICE,1,3.99,1,2017-01-01 11:26:26
1765,31198970244,10311367,DRUG GM,HAIR CARE ACCESSORIES,HAIR BARRETTES TAILERS,1,2.49,1,2017-01-01 11:26:26
1765,31198970244,10456575,GROCERY,SOUP,RTS SOUP: CHUNKY/HOMESTYLE ET,1,1.66,1,2017-01-01 11:26:26
1765,31198970244,12172184,GROCERY,LAUNDRY DETERGENTS,POWDER LAUNDRY DETERGENT,1,7.79,1,2017-01-01 11:26:26
1765,31198970244,12301100,MEAT,BEEF,LEAN,1,2.74,1,2017-01-01 11:26:26
1765,31198970244,12949590,GROCERY,BAG SNACKS,POTATO CHIPS,2,5.0,1,2017-01-01 11:26:26
2488,31198990359,839162,MEAT-PCKGD,HEAT/SERVE,ENTREES,1,2.39,1,2017-01-01 11:26:35
2488,31198990359,840361,GROCERY,EGGS,EGGS - LARGE,1,1.0,1,2017-01-01 11:26:35
2488,31198990359,866488,GROCERY,COFFEE,GROUND COFFEE,1,6.99,1,2017-01-01 11:26:35
2488,31198990359,883916,GROCERY,CAT FOOD,CANNED CAT FOOD (9 LIVES/FRISK,3,1.0,1,2017-01-01 11:26:35
2488,31198990359,899580,GROCERY,CAT FOOD,CANNED CAT FOOD (9 LIVES/FRISK,3,1.0,1,2017-01-01 11:26:35
2488,31198990359,919534,GROCERY,REFRGRATD DOUGH PRODUCTS,REFRIGERATED SPECILATY ROLLS,1,2.29,1,2017-01-01 11:26:35
2488,31198990359,931606,MEAT,SMOKED MEATS,HAMS-DRY CURED/COUNTRY,1,3.99,1,2017-01-01 11:26:35
2488,31198990359,964327,GROCERY,CAT FOOD,CANNED CAT FOOD (9 LIVES/FRISK,3,1.0,1,2017-01-01 11:26:35
2488,31198990359,1011920,GROCERY,CAT LITTER,SCOOP LITTER,1,5.99,1,2017-01-01 11:26:35
2488,31198990359,1039156,DRUG GM,NEWSPAPER,NEWSPAPER,1,1.5,1,2017-01-01 11:26:35
2488,31198990359,5569230,GROCERY,SOFT DRINKS,SOFT DRINKS 12/18&15PK CAN CAR,1,3.0,1,2017-01-01 11:26:35
2488,31198990359,5569374,GROCERY,SOFT DRINKS,SOFT DRINKS 12/18&15PK CAN CAR,1,3.0,1,2017-01-01 11:26:35
2488,31198990359,6463624,DRUG GM,HAIR CARE PRODUCTS,HAIR SETS AND GELS,1,2.29,1,2017-01-01 11:26:35
1121,31198840153,842455,GROCERY,DINNER MXS:DRY,MACARONI & CHEESE DNRS,1,2.0,1,2017-01-01 11:28:31
1121,31198840153,862349,GROCERY,FLUID MILK PRODUCTS,FLUID MILK WHITE ONLY,1,1.69,1,2017-01-01 11:28:31
1121,31198840153,889947,GROCERY,CAT FOOD,CAT TREATS,1,1.59,1,2017-01-01 11:28:31
1121,31198840153,902659,GROCERY,DRY SAUCES/GRAVY,GRAVY CAN/GLASS,2,2.0,1,2017-01-01 11:28:31
1121,31198840153,908318,PRODUCE,POTATOES,POTATOES OTHER,1,2.99,1,2017-01-01 11:28:31
1121,31198840153,909306,GROCERY,CRACKERS/MISC BKD FD,SOUP CRACKERS (SALTINE/OYSTER),1,1.03,1,2017-01-01 11:28:31
1121,31198840153,917704,GROCERY,VEGETABLES - SHELF STABLE,KRAUT & CABBAGE,1,1.69,1,2017-01-01 11:28:31
1121,31198840153,956812,PASTRY,ROLLS,ROLLS: DINNER,2,4.0,1,2017-01-01 11:28:31
1121,31198840153,970202,PRODUCE,ONIONS,ONIONS RED (BULK&BAG),1,1.73,1,2017-01-01 11:28:31
1121,31198840153,993028,GROCERY,DRY SAUCES/GRAVY,GRAVY CAN/GLASS,2,2.0,1,2017-01-01 11:28:31
1121,31198840153,1008949,GROCERY,CRACKERS/MISC BKD FD,CROUTONS SALAD TOPPERS BREAD,1,1.39,1,2017-01-01 11:28:31
1121,31198840153,1028473,GROCERY,BUTTER,BUTTER,1,1.99,1,2017-01-01 11:28:31
1121,31198840153,1032268,GROCERY,CAT FOOD,CAT TREATS,1,1.59,1,2017-01-01 11:28:31
1121,31198840153,1049695,GROCERY,DINNER MXS:DRY,STUFFING MIXES,1,1.5,1,2017-01-01 11:28:31
1121,31198840153,1051638,GROCERY,DRY SAUCES/GRAVY,GRAVY CAN/GLASS,1,1.0,1,2017-01-01 11:28:31
1121,31198840153,1065496,GROCERY,SOUP,BOUILLON,1,1.29,1,2017-01-01 11:28:31
1121,31198840153,1076440,GROCERY,SOUP,DRY SOUP,1,1.29,1,2017-01-01 11:28:31
1121,31198840153,1109459,MEAT,PORK,ENHANCED,1,3.73,1,2017-01-01 11:28:31
1121,31198840153,1139651,GROCERY,SPICES & EXTRACTS,CROUTONS SALAD TOPPERS BREAD,1,1.89,1,2017-01-01 11:28:31
1121,31198840153,5564511,PASTRY,COOKIES,COOKIES: HOLIDAY/SPECIAL OCCAS,1,1.49,1,2017-01-01 11:28:31
1121,31198840153,5589247,GROCERY,YOGURT,YOGURT NOT MULTI-PACKS,2,0.78,1,2017-01-01 11:28:31
1121,31198840153,5995759,GROCERY,DOG FOODS,DOG TREATS (SOFT TREATS),1,2.99,1,2017-01-01 11:28:31
1121,31198840153,7138817,MEAT-PCKGD,LUNCHMEAT,HAM,1,0.0,1,2017-01-01 11:28:31
1121,31198840153,7464370,MEAT-PCKGD,LUNCHMEAT,VARIETY PACK,1,3.99,1,2017-01-01 11:28:31
1121,31198840153,12428075,PASTRY,COOKIES,COOKIES: REGULAR,1,3.0,1,2017-01-01 11:28:31
1121,31198840153,12604247,DRUG GM,CHRISTMAS  SEASONAL,NOVELTY LIGHTS,1,4.99,1,2017-01-01 11:28:31
1121,31198840153,12648273,DRUG GM,CANDY - PACKAGED,SEASONAL CANDY BOX NON-CHOCOLA,1,1.39,1,2017-01-01 11:28:31
1121,31198840153,12695885,PASTRY,COOKIES,COOKIES: REGULAR,1,3.89,1,2017-01-01 11:28:31
900,31198570482,973420,GROCERY,SOUP,MICROWAVABLE SOUPS,2,3.34,1,2017-01-01 11:30:49
1720,31198990388,826004,DRUG GM,BROOMS AND MOPS,SPONGES: BATH HOUSEHOLD,1,1.95,1,2017-01-01 11:32:52
1720,31198990388,845495,GROCERY,CRACKERS/MISC BKD FD,CROUTONS SALAD TOPPERS BREAD,1,2.29,1,2017-01-01 11:32:52
1720,31198990388,872417,GROCERY,DRY BN/VEG/POTATO/RICE,RICE SIDE DISH MIXES DRY,1,1.0,1,2017-01-01 11:32:52
1720,31198990388,898840,MEAT,PORK,LOIN - CHOPS BONE-IN,1,5.06,1,2017-01-01 11:32:52
1720,31198990388,919704,GROCERY,SOUP,CONDENSED SOUP,1,1.39,1,2017-01-01 11:32:52
1720,31198990388,973868,GROCERY,VEGETABLES - SHELF STABLE,MUSHROOMS CND & GLASS,1,0.5,1,2017-01-01 11:32:52
1720,31198990388,1005186,SALAD BAR,SALAD BAR,SALAD BAR FRESH FRUIT,1,1.96,1,2017-01-01 11:32:52
1720,31198990388,1078543,GROCERY,LAUNDRY DETERGENTS,LIQUID LAUNDRY DETERGENTS,1,4.79,1,2017-01-01 11:32:52
1720,31198990388,1119405,PRODUCE,ORGANICS FRUIT & VEGETABLES,ORGANIC SALAD MIX,1,2.5,1,2017-01-01 11:32:52
1445,31198775428,878715,GROCERY,BEERS/ALES,BEERALEMALT LIQUORS,1,15.99,1,2017-01-01 11:33:16
1445,31198775428,889105,GROCERY,BAG SNACKS,DIPS (NON-REFRIGERATED),1,3.19,1,2017-01-01 11:33:16
1445,31198775428,1022053,GROCERY,BAG SNACKS,CORN CHIPS,1,1.88,1,2017-01-01 11:33:16
1445,31198775428,12582313,DELI,PARTY TRAYS,DELI TRAY:MEAT AND CHEESE,1,6.99,1,2017-01-01 11:33:16
2194,31198515489,908318,PRODUCE,POTATOES,POTATOES OTHER,1,2.99,1,2017-01-01 11:34:53
2194,31198515489,945909,DELI,CHICKEN/POULTRY,CHIX: CHICKEN DINNERS/SNACKS H,1,3.49,1,2017-01-01 11:34:53
2194,31198515489,1039156,DRUG GM,NEWSPAPER,NEWSPAPER,1,1.5,1,2017-01-01 11:34:53
493,31198855533,819649,DRUG GM,SINUS AND ALLERGY,SINUS/ALLERGY - PSE,1,8.97,1,2017-01-01 11:36:19
493,31198855533,822140,GROCERY,CANNED JUICES,ASEPTIC PACK JUICE AND DRINKS,1,1.75,1,2017-01-01 11:36:19
493,31198855533,822407,GROCERY,MEAT - SHELF STABLE,PASTA: CANNED,3,3.0,1,2017-01-01 11:36:19
493,31198855533,827271,GROCERY,MEAT - SHELF STABLE,MICROWAVABLE CUPS,1,1.0,1,2017-01-01 11:36:19
493,31198855533,843346,GROCERY,CHEESE,CREAM CHEESE,1,1.89,1,2017-01-01 11:36:19
493,31198855533,845262,GROCERY,SOUP,BROTH,2,1.38,1,2017-01-01 11:36:19
493,31198855533,845319,GROCERY,SOUP,MICROWAVABLE SOUPS,1,1.69,1,2017-01-01 11:36:19
493,31198855533,887428,GROCERY,COLD CEREAL,ADULT CEREAL,1,2.5,1,2017-01-01 11:36:19
493,31198855533,887828,GROCERY,HISPANIC,ORIENTAL VEGETABLES,1,1.59,1,2017-01-01 11:36:19
493,31198855533,899736,GROCERY,FRZN MEAT/MEAT DINNERS,FRZN SS PREMIUM ENTREES/DNRS/T,1,3.0,1,2017-01-01 11:36:19
493,31198855533,900667,GROCERY,DRY NOODLES/PASTA,MACARONI DRY,1,0.89,1,2017-01-01 11:36:19
493,31198855533,911812,GROCERY,SOUP,CONDENSED SOUP,2,1.5,1,2017-01-01 11:36:19
493,31198855533,916122,MEAT,CHICKEN,CHICKEN BREAST BONELESS,1,3.94,1,2017-01-01 11:36:19
493,31198855533,947267,GROCERY,DRY BN/VEG/POTATO/RICE,RICE SIDE DISH MIXES DRY,1,1.0,1,2017-01-01 11:36:19
493,31198855533,949373,GROCERY,PAPER HOUSEWARES,PLSTC CTLRYTBLCLTHSTTHPKSST,1,0.89,1,2017-01-01 11:36:19
493,31198855533,951197,GROCERY,REFRGRATD DOUGH PRODUCTS,REFRIGERATED SPECILATY ROLLS,3,6.87,1,2017-01-01 11:36:19
493,31198855533,954495,GROCERY,FRZN MEAT/MEAT DINNERS,FRZN SS PREMIUM ENTREES/DNRS/T,1,3.0,1,2017-01-01 11:36:19
493,31198855533,961620,GROCERY,FROZEN PIZZA,PIZZA/PREMIUM,1,2.99,1,2017-01-01 11:36:19
493,31198855533,966170,GROCERY,CRACKERS/MISC BKD FD,SNACK CRACKERS,1,1.88,1,2017-01-01 11:36:19
493,31198855533,968732,GROCERY,MEAT - SHELF STABLE,POULTRY - STEW W/DUMPLINGS/ A,2,5.98,1,2017-01-01 11:36:19
493,31198855533,972456,GROCERY,SOUP,RTS SOUP: CHUNKY/HOMESTYLE ET,1,1.69,1,2017-01-01 11:36:19
493,31198855533,988791,GROCERY,CRACKERS/MISC BKD FD,CHEESE CRACKERS (CHEEZ-ITS/GOL,1,1.5,1,2017-01-01 11:36:19
493,31198855533,995242,GROCERY,FLUID MILK PRODUCTS,FLUID MILK WHITE ONLY,2,3.78,1,2017-01-01 11:36:19
493,31198855533,995408,SEAFOOD-PCKGD,FROZEN - BOXED(GROCERY),SEAFOOD-FRZ-BRD SHRIMP,1,5.99,1,2017-01-01 11:36:19
493,31198855533,997202,GROCERY,REFRGRATD DOUGH PRODUCTS,REFRIGERATED BAGELS,1,1.25,1,2017-01-01 11:36:19
493,31198855533,998666,GROCERY,DINNER MXS:DRY,SKILLET DINNERS,1,0.99,1,2017-01-01 11:36:19
493,31198855533,998741,GROCERY,HISPANIC,ORIENTAL OTHER SAUCES MARINAD,1,2.29,1,2017-01-01 11:36:19
493,31198855533,999730,GROCERY,SOUP,DRY SOUP,1,1.29,1,2017-01-01 11:36:19
493,31198855533,1010079,DRUG GM,FEMININE HYGIENE,FEM. HYGN. TAMPONS,1,4.5,1,2017-01-01 11:36:19
493,31198855533,1015386,GROCERY,FACIAL TISS/DNR NAPKIN,FACIAL TISSUE & PAPER HANDKE,1,4.39,1,2017-01-01 11:36:19
493,31198855533,1033615,GROCERY,REFRGRATD JUICES/DRNKS,DAIRY CASE FRUIT DRINKS (NO JU,1,0.99,1,2017-01-01 11:36:19
493,31198855533,1068719,GROCERY,SUGARS/SWEETNERS,SUGAR,1,1.99,1,2017-01-01 11:36:19
493,31198855533,1085604,GROCERY,SOFT DRINKS,SFT DRNK SNGL SRV BTL CARB (EX,1,1.0,1,2017-01-01 11:36:19
493,31198855533,1092944,GROCERY,TEAS,TEA BAGS & BULK TEA,1,4.49,1,2017-01-01 11:36:19
493,31198855533,1103562,MEAT-PCKGD,FROZEN MEAT,FRZN BREADED PREPARED CHICK,2,7.98,1,2017-01-01 11:36:19
493,31198855533,1109516,GROCERY,MEAT - SHELF STABLE,MICROWAVABLE CUPS,1,1.0,1,2017-01-01 11:36:19
493,31198855533,1110314,DRUG GM,KITCHEN GADGETS,GADGETS/TOOLS,1,1.49,1,2017-01-01 11:36:19
493,31198855533,1122115,GROCERY,DRY BN/VEG/POTATO/RICE,POTATOES: DRY,1,1.89,1,2017-01-01 11:36:19
493,31198855533,1125891,GROCERY,VEGETABLES - SHELF STABLE,MUSHROOMS CND & GLASS,1,1.09,1,2017-01-01 11:36:19
493,31198855533,1131384,MEAT-PCKGD,DINNER SAUSAGE,COCKTAILS,1,2.5,1,2017-01-01 11:36:19
493,31198855533,1133254,GROCERY,COLD CEREAL,KIDS CEREAL,1,3.19,1,2017-01-01 11:36:19
493,31198855533,6703800,DRUG GM,LAXATIVES,LAXATIVES,1,13.99,1,2017-01-01 11:36:19
493,31198855533,6919225,DRUG GM,PLASTIC HOUSEWARES,WIRE,1,1.29,1,2017-01-01 11:36:19
493,31198855533,8090521,GROCERY,SOFT DRINKS,SOFT DRINKS 12/18&15PK CAN CAR,1,3.0,1,2017-01-01 11:36:19
493,31198855533,8090539,GROCERY,SOFT DRINKS,SOFT DRINKS 12/18&15PK CAN CAR,1,3.0,1,2017-01-01 11:36:19
493,31198855533,9419961,GROCERY,BATH TISSUES,TOILET TISSUE,1,5.99,1,2017-01-01 11:36:19
493,31198855533,9487404,DRUG GM,COFFEE FILTERS,WATER FILTER,1,20.99,1,2017-01-01 11:36:19
493,31198855533,10149868,GROCERY,BAKING MIXES,MISCELLANEOUS PACKAGE MIXES,1,3.39,1,2017-01-01 11:36:19
367,31224320501,481497,GROCERY,BAKED SWEET GOODS,SWEET GOODS - FULL SIZE,1,1.25,1,2017-01-01 11:37:00
367,31224320501,591931,GROCERY,SOFT DRINKS,SOFT DRINKS 12/18&15PK CAN CAR,1,2.09,1,2017-01-01 11:37:00
367,31224320501,741050,DRUG GM,MAGAZINE,TABLOIDS-MAGAZINE,1,2.79,1,2017-01-01 11:37:00
787,31198890385,1039156,DRUG GM,NEWSPAPER,NEWSPAPER,1,1.5,1,2017-01-01 11:42:51
787,31198890385,1079528,DRUG GM,NEWSPAPER,NEWSPAPER,1,5.0,1,2017-01-01 11:42:51
263,31198565789,1029743,GROCERY,FLUID MILK PRODUCTS,FLUID MILK WHITE ONLY,1,2.49,1,2017-01-01 11:43:53
263,31198565789,1039156,DRUG GM,NEWSPAPER,NEWSPAPER,1,1.5,1,2017-01-01 11:43:53
263,31198565789,1058214,MEAT,EXOTIC GAME/FOWL,CORNISH HEN,1,4.99,1,2017-01-01 11:43:53
263,31198565789,1065593,GROCERY,BATH TISSUES,TOILET TISSUE,1,1.0,1,2017-01-01 11:43:53
263,31198565789,1132968,GROCERY,DISHWASH DETERGENTS,LIQUID DISH DETERGENT,1,2.5,1,2017-01-01 11:43:53
493,31198855573,6534178,FUEL,COUPON/MISC ITEMS,GASOLINE-REG UNLEADED,8396,18.46,1,2017-01-01 11:44:43
1852,31198705545,1062685,GROCERY,ICE CREAM/MILK/SHERBTS,PREMIUM,1,4.69,1,2017-01-01 11:46:27
1852,31198705545,8350265,GROCERY,BAKING MIXES,SPECIALTY CAKE,2,3.98,1,2017-01-01 11:46:27
1767,31198775488,986912,DELI,PREPARED FOOD,PREP FD: SIDE DISHES (HOT),1,0.04,1,2017-01-01 11:46:52
68,31198515543,1080414,DRUG GM,CANDY - CHECKLANE,CANDY BARS (SINGLES)(INCLUDING,1,0.6,1,2017-01-01 11:49:25
68,31198515543,1085604,GROCERY,SOFT DRINKS,SFT DRNK SNGL SRV BTL CARB (EX,1,1.0,1,2017-01-01 11:49:25
1068,31198445400,5591538,GROCERY,BAKED SWEET GOODS,SWEET GOODS - FULL SIZE,2,2.5,1,2017-01-01 11:51:00
1707,31198930436,1085604,GROCERY,SOFT DRINKS,SFT DRNK SNGL SRV BTL CARB (EX,1,1.0,1,2017-01-01 11:51:21
1402,31198935488,995785,PRODUCE,PEPPERS-ALL,PEPPERS GREEN BELL,1,0.99,1,2017-01-01 11:51:52
1402,31198935488,1041259,PRODUCE,HERBS,GARLIC WHOLE CLOVES,1,0.94,1,2017-01-01 11:51:52
1402,31198935488,1077231,MEAT,BEEF,PRIMAL,1,2.43,1,2017-01-01 11:51:52
1402,31198935488,1119051,PRODUCE,VEGETABLES SALAD,VARIETY LETTUCE,1,0.99,1,2017-01-01 11:51:52
1402,31198935488,1133018,GROCERY,FLUID MILK PRODUCTS,FLUID MILK WHITE ONLY,1,1.69,1,2017-01-01 11:51:52
1402,31198935488,5592270,GROCERY,BAKED BREAD/BUNS/ROLLS,PREMIUM BREAD,2,3.58,1,2017-01-01 11:51:52
1402,31198935488,6633155,MEAT-PCKGD,BACON,BETTER FOR YOU,1,0.99,1,2017-01-01 11:51:52
638,31198640716,896444,GROCERY,BAKED BREAD/BUNS/ROLLS,HAMBURGER BUNS,1,1.0,1,2017-01-01 11:57:09
638,31198640716,910525,DELI,SALADS/DIPS,PROTIEN SALADS - BULK,1,7.48,1,2017-01-01 11:57:09
638,31198640716,924427,GROCERY,CONVENIENT BRKFST/WHLSM SNACKS,GRANOLA BARS,2,3.58,1,2017-01-01 11:57:09
638,31198640716,943088,GROCERY,SPICES & EXTRACTS,SPICES & SEASONINGS,1,1.89,1,2017-01-01 11:57:09
638,31198640716,944534,MEAT,BEEF,CUBED MEATS,2,7.66,1,2017-01-01 11:57:09
638,31198640716,962229,GROCERY,BAKED BREAD/BUNS/ROLLS,MAINSTREAM WHITE BREAD,1,1.25,1,2017-01-01 11:57:09
638,31198640716,1009449,PASTRY,BREAD,BREAD:ITALIAN/FRENCH,1,1.0,1,2017-01-01 11:57:09
638,31198640716,1042438,GROCERY,COOKIES/CONES,SANDWICH COOKIES,1,2.68,1,2017-01-01 11:57:09
638,31198640716,1053530,GROCERY,REFRGRATD JUICES/DRNKS,DAIRY CASE 100% PURE JUICE OTH,1,2.99,1,2017-01-01 11:57:09
638,31198640716,1065380,GROCERY,BAG SNACKS,PRETZELS,1,2.5,1,2017-01-01 11:57:09
638,31198640716,1074333,PRODUCE,SALAD MIX,REGULAR GARDEN,1,2.98,1,2017-01-01 11:57:09
638,31198640716,1077166,GROCERY,COOKIES/CONES,CHOCOLATE COVERED COOKIES,1,2.79,1,2017-01-01 11:57:09
638,31198640716,1082185,PRODUCE,TROPICAL FRUIT,BANANAS,1,1.08,1,2017-01-01 11:57:09
638,31198640716,1082223,GROCERY,CAT FOOD,DRY CAT FOOD (CAT CHOW/FRISKIE,1,7.29,1,2017-01-01 11:57:09
638,31198640716,1082814,GROCERY,VEGETABLES - SHELF STABLE,MISCELLANEOUS VEGETABLES,1,1.5,1,2017-01-01 11:57:09
638,31198640716,5563693,PRODUCE,TOMATOES,TOMATOES COCKTAIL,1,3.99,1,2017-01-01 11:57:09
638,31198640716,9270757,GROCERY,VEGETABLES - SHELF STABLE,BEANS GREEN: FS/WHL/CUT,2,1.98,1,2017-01-01 11:57:09
638,31198640716,9835408,MEAT,PORK,ENHANCED,1,3.8,1,2017-01-01 11:57:09
638,31198640716,12171656,DRUG GM,MAGAZINE,TV/MOVIE-MAGAZINE,1,3.49,1,2017-01-01 11:57:09
638,31198640716,13007478,DRUG GM,PLASTIC HOUSEWARES,BULK PLASTICS,3,8.97,1,2017-01-01 11:57:09
1394,31198590431,854852,PRODUCE,TOMATOES,TOMATOES HOTHOUSE ON THE VINE,1,2.0,1,2017-01-01 11:58:18
1394,31198590431,873887,GROCERY,MARGARINES,MARGARINE: TUBS AND BOWLS,2,3.78,1,2017-01-01 11:58:18
1394,31198590431,881249,PRODUCE,VALUE ADDED FRUIT,INSTORE CUT FRUIT,1,2.58,1,2017-01-01 11:58:18
1394,31198590431,915493,GROCERY,REFRGRATD DOUGH PRODUCTS,REFRIGERATED ENGLISH MUFFINS,3,5.0,1,2017-01-01 11:58:18
1394,31198590431,927382,GROCERY,FRZN MEAT/MEAT DINNERS,FRZN SS PREMIUM ENTREES/DNRS/N,2,5.0,1,2017-01-01 11:58:18
1394,31198590431,961785,PRODUCE,VALUE ADDED VEGETABLES,CUT VEGETABLES ALL OTHER,1,1.99,1,2017-01-01 11:58:18
1394,31198590431,990688,GROCERY,FRZN MEAT/MEAT DINNERS,FRZN SS PREMIUM ENTREES/DNRS/N,2,4.28,1,2017-01-01 11:58:18
1394,31198590431,1021522,PRODUCE,TOMATOES,TOMATOES GRAPE,1,2.99,1,2017-01-01 11:58:18
1394,31198590431,1035169,GROCERY,FRUIT - SHELF STABLE,MANDARIN ORANGES/CITRUS SECT,3,2.4,1,2017-01-01 11:58:18
1394,31198590431,1060269,GROCERY,FLUID MILK PRODUCTS,CHOCOLATE MILK,3,2.0,1,2017-01-01 11:58:18
1394,31198590431,1119150,NUTRITION,CHIPS&SNACKS,POTATO CHIPS,1,2.5,1,2017-01-01 11:58:18
1394,31198590431,9264878,DELI,PREPARED FOOD,PREP FOODS: SOUP- HOT,2,4.98,1,2017-01-01 11:58:18
1394,31198590431,12263027,GROCERY,FRZN VEGETABLE/VEG DSH,FRZN BAGGED VEGETABLES - PLAIN,2,3.0,1,2017-01-01 11:58:18
1394,31198590431,12301073,MEAT,BEEF,PRIMAL,1,4.43,1,2017-01-01 11:58:18
1029,31198980681,822985,GROCERY,FRUIT - SHELF STABLE,FRUIT BOWL AND CUPS,1,2.0,1,2017-01-01 11:58:48
1029,31198980681,823709,GROCERY,HOT CEREAL,INSTANT OATMEAL,1,1.82,1,2017-01-01 11:58:48
1029,31198980681,832007,GROCERY,CANNED JUICES,OTHER CITRUS JUICES (50% AND U,1,2.47,1,2017-01-01 11:58:48
1029,31198980681,834484,PRODUCE,ONIONS,ONIONS OTHER,2,1.0,1,2017-01-01 11:58:48
1029,31198980681,836645,GROCERY,FD WRAPS/BAGS/TRSH BG,GARBAGE KITCHEN COMPACTOR BA,1,3.29,1,2017-01-01 11:58:48
1029,31198980681,847982,PRODUCE,SALAD MIX,REGULAR GARDEN,1,1.0,1,2017-01-01 11:58:48
1029,31198980681,852650,GROCERY,LAUNDRY ADDITIVES,DRY & SPRAY STARCH,1,3.19,1,2017-01-01 11:58:48
1029,31198980681,883932,GROCERY,CRACKERS/MISC BKD FD,SOUP CRACKERS (SALTINE/OYSTER),1,2.49,1,2017-01-01 11:58:48
1029,31198980681,899459,GROCERY,CHEESE,NATURAL CHEESE EXACT WT CHUNKS,1,2.5,1,2017-01-01 11:58:48
1029,31198980681,955206,GROCERY,COFFEE,DECAF BEAN: REGULAR,1,3.5,1,2017-01-01 11:58:48
1029,31198980681,964521,GROCERY,COLD CEREAL,ALL FAMILY CEREAL,1,3.99,1,2017-01-01 11:58:48
1029,31198980681,998549,GROCERY,FRZN MEAT/MEAT DINNERS,FRZN SS PREMIUM ENTREES/DNRS/N,2,4.28,1,2017-01-01 11:58:48
1029,31198980681,999226,GROCERY,DRY BN/VEG/POTATO/RICE,DRY BEANS/PEAS/BARLEY: BAG & B,1,1.79,1,2017-01-01 11:58:48
1029,31198980681,1021416,GROCERY,MEAT - SHELF STABLE,MICROWAVE,1,2.59,1,2017-01-01 11:58:48
1029,31198980681,1022097,DRUG GM,GREETING CARDS/WRAP/PARTY SPLY,CARDS EVERYDAY,1,2.69,1,2017-01-01 11:58:48
1029,31198980681,1027569,DRUG GM,GREETING CARDS/WRAP/PARTY SPLY,CARDS EVERYDAY,1,1.99,1,2017-01-01 11:58:48
1029,31198980681,1089225,GROCERY,FRUIT - SHELF STABLE,FRUIT BOWL AND CUPS,1,2.49,1,2017-01-01 11:58:48
1029,31198980681,1098186,GROCERY,FRZN MEAT/MEAT DINNERS,FRZN SS PREMIUM ENTREES/DNRS/N,2,4.28,1,2017-01-01 11:58:48
1029,31198980681,1114236,COUPON,COUPONS/STORE & MFG,COUPONS/STORE & MFG,1,2.27,1,2017-01-01 11:58:48
1029,31198980681,1128910,DELI,DELI MEATS,MEAT: PATES/MOUSSE,1,2.54,1,2017-01-01 11:58:48
1029,31198980681,1135995,GROCERY,DRY NOODLES/PASTA,SPAGHETTI DRY,1,1.0,1,2017-01-01 11:58:48
1029,31198980681,6391073,DRUG GM,SOAP - LIQUID & BAR,BODY WASH,1,1.25,1,2017-01-01 11:58:48
1029,31198980681,9194206,GROCERY,FRZN MEAT/MEAT DINNERS,FRZN SS PREMIUM ENTREES/DNRS/N,2,4.28,1,2017-01-01 11:58:48
1029,31198980681,9297615,GROCERY,REFRGRATD JUICES/DRNKS,DAIRY CASE 100% PURE JUICE - O,1,3.39,1,2017-01-01 11:58:48
1029,31198980681,12301073,MEAT,BEEF,PRIMAL,1,3.92,1,2017-01-01 11:58:48
1029,31198980681,12352248,GROCERY,BAG SNACKS,POTATO CHIPS,1,3.99,1,2017-01-01 11:58:48
1029,31198980681,12810393,MEAT,PORK,ENHANCED,1,3.12,1,2017-01-01 11:58:48
1068,31198445429,961447,GROCERY,ICE CREAM/MILK/SHERBTS,PREMIUM PINTS,1,2.59,1,2017-01-01 12:00:17
1068,31198445429,12757398,GROCERY,NEW AGE,ENERGY DRINK,1,1.5,1,2017-01-01 12:00:17
1274,31198475423,973783,GROCERY,SOFT DRINKS,SOFT DRINKS CAN NON-CARB (EXCE,1,3.99,1,2017-01-01 12:03:13
1274,31198475423,991350,DELI,CHEESES,CHEESE: NATURAL BULK,1,2.24,1,2017-01-01 12:03:13
1274,31198475423,1004867,DELI,DELI MEATS,MEAT:HAM BULK,1,2.64,1,2017-01-01 12:03:13
1274,31198475423,1022575,DRUG GM,HAIR CARE PRODUCTS,SHAMPOO,3,9.57,1,2017-01-01 12:03:13
1274,31198475423,1034383,DRUG GM,ORAL HYGIENE PRODUCTS,TOOTHPASTE,1,2.18,1,2017-01-01 12:03:13
1274,31198475423,1101437,DELI,DELI MEATS,MEAT: BEEF BULK,1,4.76,1,2017-01-01 12:03:13
1274,31198475423,1110218,GROCERY,PAPER HOUSEWARES,BASIC PAPER PLATES,1,3.99,1,2017-01-01 12:03:13
1274,31198475423,8090521,GROCERY,SOFT DRINKS,SOFT DRINKS 12/18&15PK CAN CAR,1,3.0,1,2017-01-01 12:03:13
1274,31198475423,8090537,GROCERY,SOFT DRINKS,SOFT DRINKS 12/18&15PK CAN CAR,1,3.0,1,2017-01-01 12:03:13
1376,31198865707,977497,GROCERY,CHEESE,CREAM CHEESE,1,1.89,1,2017-01-01 12:09:04
2076,31203020338,5703832,FUEL,COUPON/MISC ITEMS,GASOLINE-REG UNLEADED,11840,26.86,1,2017-01-01 12:10:22
558,31198745463,973042,GROCERY,DRY SAUCES/GRAVY,GRAVY CAN/GLASS,1,0.99,1,2017-01-01 12:12:37
558,31198745463,1020682,MEAT-PCKGD,MISCELLANEOUS,SAUERKRAUT,2,1.98,1,2017-01-01 12:12:37
558,31198745463,1048462,GROCERY,BAKED BREAD/BUNS/ROLLS,MAINSTREAM WHITE BREAD,1,1.39,1,2017-01-01 12:12:37
558,31198745463,1106523,GROCERY,FLUID MILK PRODUCTS,FLUID MILK WHITE ONLY,1,2.52,1,2017-01-01 12:12:37
558,31198745463,12810422,MEAT,PORK,ENHANCED,3,8.79,1,2017-01-01 12:12:37
235,31198906335,841228,PRODUCE,SALAD MIX,REGULAR GARDEN,1,1.29,1,2017-01-01 12:13:21
235,31198906335,853235,PRODUCE,MUSHROOMS,MUSHROOMS W/WHOLE PKG,1,1.29,1,2017-01-01 12:13:21
235,31198906335,899624,PRODUCE,POTATOES,POTATOES RUSSET (BULK&BAG),1,3.99,1,2017-01-01 12:13:21
235,31198906335,1002655,NUTRITION,JUICE,DRINKS - CARB JUICE (OVER 50%,1,2.5,1,2017-01-01 12:13:21
235,31198906335,1043301,PRODUCE,ONIONS,ONIONS WHITE (BULK&BAG),1,2.26,1,2017-01-01 12:13:21
235,31198906335,1088295,DRUG GM,PROPANE,PROPANE EXCH,1,16.99,1,2017-01-01 12:13:21
235,31198906335,1113687,PRODUCE,PROCESSED,DRESSINGS,1,2.0,1,2017-01-01 12:13:21
1901,31198705680,832513,GROCERY,LAUNDRY DETERGENTS,LIQUID LAUNDRY DETERGENTS,1,5.99,1,2017-01-01 12:17:48
1430,31198510602,825494,GROCERY,FRZN VEGETABLE/VEG DSH,FRZN BAGGED VEGETABLES - PLAIN,1,1.0,1,2017-01-01 12:19:01
1430,31198510602,829437,GROCERY,CONDIMENTS/SAUCES,COOKING WINES,1,2.29,1,2017-01-01 12:19:01
1430,31198510602,850562,GROCERY,HISPANIC,MEXICAN SAUCESSALSAPICANTEE,2,4.0,1,2017-01-01 12:19:01
1430,31198510602,860776,PRODUCE,VEGETABLES - ALL OTHERS,CUCUMBERS,2,1.98,1,2017-01-01 12:19:01
1430,31198510602,865303,GROCERY,FRZN MEAT/MEAT DINNERS,SS ECONOMY ENTREES/DINNERS ALL,2,1.04,1,2017-01-01 12:19:01
1430,31198510602,870515,PRODUCE,ONIONS,ONIONS RED (BULK&BAG),1,1.07,1,2017-01-01 12:19:01
1430,31198510602,881810,GROCERY,CONDIMENTS/SAUCES,VINEGAR WINE/RICE,1,2.29,1,2017-01-01 12:19:01
1430,31198510602,900311,GROCERY,COFFEE,NON DAIRY CREAMER: DRY,1,2.09,1,2017-01-01 12:19:01
1430,31198510602,905436,GROCERY,MARGARINES,MARGARINE: TUBS AND BOWLS,1,1.89,1,2017-01-01 12:19:01
1430,31198510602,906844,GROCERY,BEERS/ALES,BEERALEMALT LIQUORS,1,9.49,1,2017-01-01 12:19:01
1430,31198510602,907506,DRUG GM,ORAL HYGIENE PRODUCTS,ORAL HYGIENE BRUSHES,1,1.49,1,2017-01-01 12:19:01
1430,31198510602,937126,GROCERY,CONDIMENTS/SAUCES,COOKING WINES,1,2.29,1,2017-01-01 12:19:01
1430,31198510602,938190,GROCERY,SOUP,BROTH,2,1.78,1,2017-01-01 12:19:01
1430,31198510602,944137,PRODUCE,PEPPERS-ALL,PEPPERS OTHER BELL,1,3.99,1,2017-01-01 12:19:01
1430,31198510602,947305,GROCERY,DISHWASH DETERGENTS,RINSE AIDS AND ACCESSORIES,1,4.09,1,2017-01-01 12:19:01
1430,31198510602,947798,GROCERY,SOFT DRINKS,SOFT DRINKS 12/18&15PK CAN CAR,1,2.09,1,2017-01-01 12:19:01
1430,31198510602,951590,GROCERY,BAKED BREAD/BUNS/ROLLS,MAINSTREAM WHITE BREAD,2,3.58,1,2017-01-01 12:19:01
1430,31198510602,964773,DRUG GM,ORAL HYGIENE PRODUCTS,ORAL HYGIENE BRUSHES,1,2.19,1,2017-01-01 12:19:01
1430,31198510602,969800,GROCERY,FD WRAPS/BAGS/TRSH BG,FOOD STORAGE BAGS,1,2.04,1,2017-01-01 12:19:01
1430,31198510602,972193,DRUG GM,ANALGESICS,ADULT ANALGESICS,1,3.47,1,2017-01-01 12:19:01
1430,31198510602,981760,GROCERY,EGGS,EGGS - X-LARGE,1,1.0,1,2017-01-01 12:19:01
1430,31198510602,991435,GROCERY,FRZN VEGETABLE/VEG DSH,FRZN BAGGED VEGETABLES - PLAIN,1,1.0,1,2017-01-01 12:19:01
1430,31198510602,993698,GROCERY,SHORTENING/OIL,OLIVE OIL,1,5.99,1,2017-01-01 12:19:01
1430,31198510602,997347,PRODUCE,CITRUS,GRAPEFRUIT,1,2.99,1,2017-01-01 12:19:01
1430,31198510602,1006184,PRODUCE,SALAD MIX,GARDEN PLUS,2,2.99,1,2017-01-01 12:19:01
1430,31198510602,1012941,GROCERY,HISPANIC,MEXICAN SAUCESSALSAPICANTEE,1,2.0,1,2017-01-01 12:19:01
1430,31198510602,1021522,PRODUCE,TOMATOES,TOMATOES GRAPE,1,2.99,1,2017-01-01 12:19:01
1430,31198510602,1022254,PRODUCE,POTATOES,POTATOES SWEET&YAMS,1,2.09,1,2017-01-01 12:19:01
1430,31198510602,1031923,GROCERY,SALD DRSNG/SNDWCH SPRD,POURABLE SALAD DRESSINGS,1,1.22,1,2017-01-01 12:19:01
1430,31198510602,1033324,GROCERY,CANNED JUICES,LEMON JUICE & LIME JUICE (OVER,1,1.89,1,2017-01-01 12:19:01
1430,31198510602,1044781,GROCERY,CONVENIENT BRKFST/WHLSM SNACKS,GRANOLA BARS,1,1.79,1,2017-01-01 12:19:01
1430,31198510602,1050851,MEAT,BEEF,PRIMAL,1,2.19,1,2017-01-01 12:19:01
1430,31198510602,1051640,SEAFOOD-PCKGD,SEAFOOD - FROZEN,FRZN MULTI SERVE ENTREES ALL,1,6.99,1,2017-01-01 12:19:01
1430,31198510602,1076571,GROCERY,SEAFOOD - SHELF STABLE,TUNA,4,5.96,1,2017-01-01 12:19:01
1430,31198510602,1083078,PRODUCE,PROCESSED,CROUTONS,1,1.69,1,2017-01-01 12:19:01
1430,31198510602,1087102,DELI,DELI MEATS,MEAT: TURKEY BULK,1,6.68,1,2017-01-01 12:19:01
1430,31198510602,1096343,GROCERY,FRZN VEGETABLE/VEG DSH,FRZN BAGGED VEGETABLES - PLAIN,1,1.0,1,2017-01-01 12:19:01
1430,31198510602,1116821,PRODUCE,MUSHROOMS,MUSHROOMS W/WHOLE PKG,1,1.99,1,2017-01-01 12:19:01
1430,31198510602,1126899,GROCERY,FLUID MILK PRODUCTS,FLUID MILK WHITE ONLY,1,2.49,1,2017-01-01 12:19:01
1430,31198510602,1131312,GROCERY,LAUNDRY DETERGENTS,LIQUID LAUNDRY DETERGENTS,1,1.99,1,2017-01-01 12:19:01
1430,31198510602,5569374,GROCERY,SOFT DRINKS,SOFT DRINKS 12/18&15PK CAN CAR,1,3.0,1,2017-01-01 12:19:01
1430,31198510602,5995158,GROCERY,YOGURT,YOGURT MULTI-PACKS,1,2.0,1,2017-01-01 12:19:01
1430,31198510602,6772804,GROCERY,BAKED BREAD/BUNS/ROLLS,PREMIUM BREAD,1,2.29,1,2017-01-01 12:19:01
1430,31198510602,9527186,GROCERY,CONDIMENTS/SAUCES,MISC MEAT SAUCES,1,2.29,1,2017-01-01 12:19:01
1430,31198510602,10285303,GROCERY,DRY BN/VEG/POTATO/RICE,RICE - DRY BAG AND BOX,1,1.28,1,2017-01-01 12:19:01
1430,31198510602,10457237,GROCERY,EGGS,EGGS SUBSTITUTE,1,3.29,1,2017-01-01 12:19:01
1430,31198510602,12810393,MEAT,PORK,ENHANCED,1,4.07,1,2017-01-01 12:19:01
2105,31198676842,844054,GROCERY,PAPER HOUSEWARES,PLSTC CTLRYTBLCLTHSTTHPKSST,1,1.29,1,2017-01-01 12:19:25
2105,31198676842,1050422,GROCERY,COOKIES/CONES,SPECIALTY COOKIES,1,1.89,1,2017-01-01 12:19:25
2105,31198676842,1084331,GROCERY,PAPER HOUSEWARES,FOAM PLATES,2,3.0,1,2017-01-01 12:19:25
2105,31198676842,6552125,GROCERY,FACIAL TISS/DNR NAPKIN,PAPER NAPKINS,1,1.59,1,2017-01-01 12:19:25
2105,31198676842,9527554,GROCERY,PAPER HOUSEWARES,PLASTIC/HEAVY PAPER PREM PLATE,1,2.39,1,2017-01-01 12:19:25
1068,31198445465,823758,GROCERY,MARGARINES,MARGARINE  STICK,1,0.69,1,2017-01-01 12:19:39
1068,31198445465,858478,GROCERY,SOFT DRINKS,SFT DRNK 2 LITER BTL CARB INCL,1,0.59,1,2017-01-01 12:19:39
1068,31198445465,863447,MEAT,BEEF,CHOICE BEEF,1,5.83,1,2017-01-01 12:19:39
1068,31198445465,915859,MEAT,BEEF,CHOICE BEEF,1,2.66,1,2017-01-01 12:19:39
1068,31198445465,922907,GROCERY,CHEESE,IWS SINGLE CHEESE,2,2.0,1,2017-01-01 12:19:39
1068,31198445465,925626,GROCERY,FROZEN PIZZA,PIZZA/ECONOMY,3,3.0,1,2017-01-01 12:19:39
1068,31198445465,953476,GROCERY,PAPER TOWELS,PAPER TOWELS & HOLDERS,1,0.57,1,2017-01-01 12:19:39
1068,31198445465,961554,PRODUCE,CARROTS,CARROTS MINI PEELED,1,1.25,1,2017-01-01 12:19:39
1068,31198445465,970611,GROCERY,SOFT DRINKS,SFT DRNK 3 LITER BTL CARB (EXC,1,0.89,1,2017-01-01 12:19:39
1068,31198445465,980727,GROCERY,CONDIMENTS/SAUCES,CATSUP,1,1.25,1,2017-01-01 12:19:39
1068,31198445465,994928,GROCERY,EGGS,EGGS - MEDIUM,1,0.65,1,2017-01-01 12:19:39
1068,31198445465,1025611,MEAT-PCKGD,MEAT - MISC,WINGS (IQF),1,5.99,1,2017-01-01 12:19:39
1068,31198445465,1033615,GROCERY,REFRGRATD JUICES/DRNKS,DAIRY CASE FRUIT DRINKS (NO JU,1,0.99,1,2017-01-01 12:19:39
1068,31198445465,1056762,GROCERY,SOUP,RAMEN NOODLES/RAMEN CUPS,1,1.25,1,2017-01-01 12:19:39
1068,31198445465,1088835,GROCERY,SOFT DRINKS,SFT DRNK 2 LITER BTL CARB INCL,1,0.59,1,2017-01-01 12:19:39
1985,31198830539,861445,DELI,CHICKEN/POULTRY,CHIX: VALUE ADDED (HOT),2,3.38,1,2017-01-01 12:23:23
1985,31198830539,901062,PRODUCE,APPLES,APPLES GALA (BULK&BAG),1,1.98,1,2017-01-01 12:23:23
1985,31198830539,930870,DRUG GM,DIAPERS & DISPOSABLES,BABY DIAPERS,1,12.49,1,2017-01-01 12:23:23
1985,31198830539,952317,GROCERY,BAKED SWEET GOODS,SNACK CAKE - MULTI PACK,1,1.09,1,2017-01-01 12:23:23
1985,31198830539,962229,GROCERY,BAKED BREAD/BUNS/ROLLS,MAINSTREAM WHITE BREAD,1,1.25,1,2017-01-01 12:23:23
1985,31198830539,986912,DELI,PREPARED FOOD,PREP FD: SIDE DISHES (HOT),1,3.59,1,2017-01-01 12:23:23
1985,31198830539,1036249,MEAT-PCKGD,HOT DOGS,PREMIUM - MEAT,2,6.58,1,2017-01-01 12:23:23
1985,31198830539,1098066,GROCERY,BAKED BREAD/BUNS/ROLLS,HOT DOG BUNS,1,1.0,1,2017-01-01 12:23:23
1985,31198830539,1115576,GROCERY,BAKED BREAD/BUNS/ROLLS,ENGLISH MUFFINS/WAFFLES,1,2.99,1,2017-01-01 12:23:23
1985,31198830539,5568378,GROCERY,BAG SNACKS,TORTILLA/NACHO CHIPS,1,1.88,1,2017-01-01 12:23:23
1985,31198830539,5590965,DRUG GM,DIAPERS & DISPOSABLES,BABY DIAPERS,1,7.99,1,2017-01-01 12:23:23
2105,31198676857,846831,NUTRITION,REFRIGERATED,TOFU,1,1.79,1,2017-01-01 12:23:34
2105,31198676857,847156,NUTRITION,DRY TEA/COFFEE/COCO MIX,TEA BAGS (SUPPLEMENT),2,7.38,1,2017-01-01 12:23:34
2105,31198676857,857981,GROCERY,FROZEN PIZZA,SNACKS/APPETIZERS,1,2.5,1,2017-01-01 12:23:34
2105,31198676857,868747,PASTRY,ROLLS,ROLLS: BAGELS,1,0.75,1,2017-01-01 12:23:34
2105,31198676857,871750,GROCERY,FROZEN PIZZA,SNACKS/APPETIZERS,1,2.5,1,2017-01-01 12:23:34
2105,31198676857,913482,GROCERY,BAG SNACKS,POTATO CHIPS,1,7.99,1,2017-01-01 12:23:34
2105,31198676857,931475,DELI,CHEESES,CHEESE:CHEESEBALLS/SPREADS,1,1.99,1,2017-01-01 12:23:34
2105,31198676857,949294,PASTRY,BREAKFAST SWEETS,SW GDS:DONUTS,1,4.29,1,2017-01-01 12:23:34
2105,31198676857,951590,GROCERY,BAKED BREAD/BUNS/ROLLS,MAINSTREAM WHITE BREAD,1,1.79,1,2017-01-01 12:23:34
2105,31198676857,999971,GROCERY,BAKED BREAD/BUNS/ROLLS,MAINSTREAM WHITE BREAD,1,1.0,1,2017-01-01 12:23:34
2105,31198676857,5566956,GROCERY,CANNED JUICES,BLENDED JUICE&COMBINATIONS (50,1,1.99,1,2017-01-01 12:23:34
2105,31198676857,5569820,GROCERY,CANNED JUICES,BLENDED JUICE&COMBINATIONS (OV,0,0.0,1,2017-01-01 12:23:34
2105,31198676857,5585297,GROCERY,TEAS,TEA BAGS HERBAL & FLAVORED,1,2.99,1,2017-01-01 12:23:34
2105,31198676857,6463412,DRUG GM,CANDY - PACKAGED,CANDY BAGS-CHOCOCLATE,1,1.0,1,2017-01-01 12:23:34
2105,31198676857,10284862,NUTRITION,DRY TEA/COFFEE/COCO MIX,TEA BAGS HERBAL & FLAVORED,1,2.0,1,2017-01-01 12:23:34
2105,31198676857,12523759,GROCERY,FROZEN PIZZA,SNACKS/APPETIZERS,1,2.5,1,2017-01-01 12:23:34
1613,31198625578,824005,PRODUCE,MUSHROOMS,MUSHROOMS WHITE SLICED PKG,1,1.99,1,2017-01-01 12:25:46
1613,31198625578,830887,GROCERY,CANNED JUICES,ASEPTIC PACK JUICE AND DRINKS,2,3.72,1,2017-01-01 12:25:46
1613,31198625578,844179,MEAT,BEEF,PRIMAL,3,11.21,1,2017-01-01 12:25:46
1613,31198625578,849205,PRODUCE,ORGANICS FRUIT & VEGETABLES,ORGANIC SALAD MIX,1,2.99,1,2017-01-01 12:25:46
1613,31198625578,857503,PRODUCE,CARROTS,CARROTS MINI PEELED,1,2.99,1,2017-01-01 12:25:46
1613,31198625578,861272,GROCERY,EGGS,EGGS - LARGE,1,0.69,1,2017-01-01 12:25:46
1613,31198625578,865511,GROCERY,CONVENIENT BRKFST/WHLSM SNACKS,TOASTER PASTRIES,1,2.5,1,2017-01-01 12:25:46
1613,31198625578,885686,GROCERY,BAKING MIXES,MUFFIN & CORN BREAD MIX,1,2.79,1,2017-01-01 12:25:46
1613,31198625578,909894,GROCERY,REFRGRATD JUICES/DRNKS,DAIRY CASE 100% PURE JUICE - O,1,1.61,1,2017-01-01 12:25:46
1613,31198625578,911974,GROCERY,CANNED JUICES,BLENDED JUICE&COMBINATIONS (OV,1,2.03,1,2017-01-01 12:25:46
1613,31198625578,962991,GROCERY,CONVENIENT BRKFST/WHLSM SNACKS,TOASTER PASTRIES,1,2.5,1,2017-01-01 12:25:46
1613,31198625578,971949,GROCERY,CANNED JUICES,ASEPTIC PACK JUICE AND DRINKS,2,3.72,1,2017-01-01 12:25:46
1613,31198625578,1006184,PRODUCE,SALAD MIX,GARDEN PLUS,2,2.99,1,2017-01-01 12:25:46
1613,31198625578,1024731,GROCERY,FRUIT - SHELF STABLE,FRUIT BOWL AND CUPS,1,2.0,1,2017-01-01 12:25:46
1613,31198625578,1110764,GROCERY,MEAT - SHELF STABLE,CHILI: CANNED,4,8.0,1,2017-01-01 12:25:46
1613,31198625578,1112351,PRODUCE,PROCESSED,CROUTONS,1,1.69,1,2017-01-01 12:25:46
1613,31198625578,1116096,GROCERY,FRUIT - SHELF STABLE,FRUIT BOWL AND CUPS,1,2.0,1,2017-01-01 12:25:46
1613,31198625578,1134678,MEAT,PORK,ENHANCED,1,4.58,1,2017-01-01 12:25:46
1613,31198625578,7152248,PRODUCE,TOMATOES,TOMATOES CHERRY,1,2.99,1,2017-01-01 12:25:46
1613,31198625578,9297136,GROCERY,DINNER MXS:DRY,SKILLET DINNERS,2,4.0,1,2017-01-01 12:25:46
1613,31198625578,9416729,MEAT-PCKGD,HOT DOGS,PREMIUM - MEAT,1,3.29,1,2017-01-01 12:25:46
2079,31198980866,822407,GROCERY,MEAT - SHELF STABLE,PASTA: CANNED,2,2.0,1,2017-01-01 12:29:39
2079,31198980866,883665,GROCERY,MISC. DAIRY,REFRIGERATED PUDDING,1,2.34,1,2017-01-01 12:29:39
2079,31198980866,890955,GROCERY,ICE CREAM/MILK/SHERBTS,PREMIUM,1,4.69,1,2017-01-01 12:29:39
2079,31198980866,892008,GROCERY,MEAT - SHELF STABLE,PASTA: CANNED,2,2.0,1,2017-01-01 12:29:39
2079,31198980866,981776,GROCERY,DRY MIX DESSERTS,PUDDING&GELATIN CUPS/CANS,1,1.25,1,2017-01-01 12:29:39
2079,31198980866,1007895,GROCERY,MISC. DAIRY,REFRIGERATED PUDDING,1,2.0,1,2017-01-01 12:29:39
2079,31198980866,1057011,GROCERY,CONVENIENT BRKFST/WHLSM SNACKS,GRANOLA BARS,1,2.99,1,2017-01-01 12:29:39
2079,31198980866,1098407,GROCERY,DRY MIX DESSERTS,PUDDING&GELATIN CUPS/CANS,1,1.25,1,2017-01-01 12:29:39
2079,31198980866,1110572,GROCERY,SOFT DRINKS,SFT DRNK MLT-PK BTL CARB (EXCP,1,1.29,1,2017-01-01 12:29:39
2079,31198980866,1111116,GROCERY,MISC. DAIRY,REFRIGERATED PUDDING,1,2.79,1,2017-01-01 12:29:39
2079,31198980866,1127338,GROCERY,MOLASSES/SYRUP/PANCAKE MIXS,MOLASSES & SYRUPS,1,1.37,1,2017-01-01 12:29:39
2079,31198980866,5995939,GROCERY,MISC. DAIRY,REFRIGERATED PUDDING,1,2.5,1,2017-01-01 12:29:39
2079,31198980866,7409951,DRUG GM,BABY HBC,BABY WIPES,1,4.99,1,2017-01-01 12:29:39
2079,31198980866,7410014,GROCERY,FRZN BREAKFAST FOODS,WAFFLES/PANCAKES/FRENCH TOAST,2,2.1,1,2017-01-01 12:29:39
2079,31198980866,10121934,DRUG GM,FEMININE HYGIENE,FEM. HYGN.NAPKINS,1,4.5,1,2017-01-01 12:29:39
149,31198615418,1071377,DRUG GM,CANDY - CHECKLANE,CANDY BARS (SINGLES)(INCLUDING,1,0.34,1,2017-01-01 12:30:10
149,31198615418,6534178,FUEL,COUPON/MISC ITEMS,GASOLINE-REG UNLEADED,9177,20.0,1,2017-01-01 12:30:10
707,31198610726,834117,GROCERY,WATER - CARBONATED/FLVRD DRINK,NON-CRBNTD DRNKING/MNERAL WATE,1,4.29,1,2017-01-01 12:32:15
707,31198610726,867702,GROCERY,WAREHOUSE SNACKS,SNACK MIX,1,3.49,1,2017-01-01 12:32:15
707,31198610726,874808,PASTRY,COOKIES,COOKIES: GOURMET,1,2.49,1,2017-01-01 12:32:15
707,31198610726,878857,PRODUCE,BERRIES,RASPBERRIES,1,2.99,1,2017-01-01 12:32:15
707,31198610726,923590,PASTRY,ROLLS,ROLLS: DINNER,1,1.89,1,2017-01-01 12:32:15
707,31198610726,937374,PASTRY,ROLLS,ROLLS: DINNER,1,1.99,1,2017-01-01 12:32:15
707,31198610726,945805,GROCERY,MILK BY-PRODUCTS,SOUR CREAMS,1,1.5,1,2017-01-01 12:32:15
707,31198610726,989101,GROCERY,WATER - CARBONATED/FLVRD DRINK,NON-CRBNTD DRNKING/MNERAL WATE,2,1.58,1,2017-01-01 12:32:15
707,31198610726,1014948,PASTRY,COOKIES,COOKIES: REGULAR,1,3.99,1,2017-01-01 12:32:15
707,31198610726,1027471,GROCERY,SALD DRSNG/SNDWCH SPRD,POURABLE SALAD DRESSINGS,1,3.19,1,2017-01-01 12:32:15
707,31198610726,1029743,GROCERY,FLUID MILK PRODUCTS,FLUID MILK WHITE ONLY,2,4.98,1,2017-01-01 12:32:15
707,31198610726,1080853,PRODUCE,ORGANICS FRUIT & VEGETABLES,ORGANIC SALAD MIX,1,2.5,1,2017-01-01 12:32:15
707,31198610726,1087102,DELI,DELI MEATS,MEAT: TURKEY BULK,1,3.5,1,2017-01-01 12:32:15
707,31198610726,1087268,DELI,CHEESES,CHEESE: NATURAL BULK,1,2.91,1,2017-01-01 12:32:15
1910,31198815652,829621,GROCERY,FRZN MEAT/MEAT DINNERS,FRZN SS PREMIUM ENTREES/DNRS/T,2,5.0,1,2017-01-01 12:32:31
1910,31198815652,1004596,GROCERY,FROZEN PIZZA,PIZZA/PREMIUM,1,4.0,1,2017-01-01 12:32:31
1910,31198815652,5587623,MEAT-PCKGD,HEAT/SERVE,FRZN MULTI SERVE ENTREES ALL,1,4.99,1,2017-01-01 12:32:31
230,31198865842,1004906,PRODUCE,POTATOES,POTATOES RUSSET (BULK&BAG),1,2.99,1,2017-01-01 12:34:25
230,31198865842,1020682,MEAT-PCKGD,MISCELLANEOUS,SAUERKRAUT,1,0.99,1,2017-01-01 12:34:25
230,31198865842,1029743,GROCERY,FLUID MILK PRODUCTS,FLUID MILK WHITE ONLY,1,2.52,1,2017-01-01 12:34:25
230,31198865842,1085604,GROCERY,SOFT DRINKS,SFT DRNK SNGL SRV BTL CARB (EX,1,1.0,1,2017-01-01 12:34:25
230,31198865842,1108281,MEAT,PORK,EXTERNAL FRESH,1,4.61,1,2017-01-01 12:34:25
230,31198865842,8090509,GROCERY,SOFT DRINKS,SOFT DRINKS 12/18&15PK CAN CAR,1,3.0,1,2017-01-01 12:34:25
1856,31198895566,986912,DELI,PREPARED FOOD,PREP FD: SIDE DISHES (HOT),1,2.14,1,2017-01-01 12:44:39
1901,31198705817,832678,GROCERY,CRACKERS/MISC BKD FD,BUTTER SPRAY CRACKER (RITZ/CLU,1,2.14,1,2017-01-01 12:47:10
1901,31198705817,988009,GROCERY,NEW AGE,TEA SWEETENED,1,1.19,1,2017-01-01 12:47:10
1901,31198705817,1100265,GROCERY,CHEESE,NATURAL CHEESE EXACT WT SLICES,1,2.99,1,2017-01-01 12:47:10
1901,31198705817,9884698,MEAT-PCKGD,LUNCHMEAT,PEPPERONI/SALAMI,1,2.5,1,2017-01-01 12:47:10
1607,31198765844,844165,GROCERY,SOFT DRINKS,SFT DRNK 2 LITER BTL CARB INCL,4,3.52,1,2017-01-01 12:47:26
1607,31198765844,868764,GROCERY,SOFT DRINKS,SFT DRNK 2 LITER BTL CARB INCL,4,3.52,1,2017-01-01 12:47:26
1607,31198765844,1036081,GROCERY,SOFT DRINKS,SFT DRNK 2 LITER BTL CARB INCL,6,5.28,1,2017-01-01 12:47:26
1607,31198765844,10344971,GROCERY,SOFT DRINKS,SFT DRNK 2 LITER BTL CARB INCL,8,7.04,1,2017-01-01 12:47:26
2310,31198460563,896613,MEAT,CHICKEN,WHOLE CHICKEN (ROASTERS/FRYER),2,8.2,1,2017-01-01 12:47:37
2310,31198460563,918046,DRUG GM,CIGARETTES,CIGARETTES,1,4.59,1,2017-01-01 12:47:37
2310,31198460563,931671,GROCERY,WAREHOUSE SNACKS,CANISTER POTATO/TORT CHIPS,1,1.0,1,2017-01-01 12:47:37
2310,31198460563,972312,GROCERY,SOFT DRINKS,SFT DRNK 2 LITER BTL CARB INCL,1,0.88,1,2017-01-01 12:47:37
2310,31198460563,1044895,GROCERY,FLOUR & MEALS,FLOUR: WHITE & SELF RISING,1,1.01,1,2017-01-01 12:47:37
2310,31198460563,1069621,GROCERY,SHORTENING/OIL,CANOLA OILS,1,1.79,1,2017-01-01 12:47:37
2310,31198460567,838733,GROCERY,WAREHOUSE SNACKS,CANISTER POTATO/TORT CHIPS,1,1.0,1,2017-01-01 12:49:40
2310,31198460567,844441,GROCERY,SOFT DRINKS,SFT DRNK 2 LITER BTL CARB INCL,1,0.88,1,2017-01-01 12:49:40
2310,31198460567,981760,GROCERY,EGGS,EGGS - X-LARGE,1,1.0,1,2017-01-01 12:49:40
2310,31198460567,12523928,GROCERY,REFRGRATD JUICES/DRNKS,DAIRY CASE CITRUS PNCH/OJ SUBS,1,2.0,1,2017-01-01 12:49:40
82,31198825974,819308,MEAT,BEEF,CHOICE BEEF,2,4.52,1,2017-01-01 12:50:44
82,31198825974,939436,DRUG GM,COLD AND FLU,COLD AND FLU - DXM,1,4.99,1,2017-01-01 12:50:44
2270,31198566181,835595,MEAT,TURKEY,GRND/PATTY - FROZEN,1,1.99,1,2017-01-01 12:50:48
2270,31198566181,859075,GROCERY,CHEESE,SHREDDED CHEESE,1,1.67,1,2017-01-01 12:50:48
2270,31198566181,860776,PRODUCE,VEGETABLES - ALL OTHERS,CUCUMBERS,1,0.99,1,2017-01-01 12:50:48
2270,31198566181,866140,GROCERY,DRY NOODLES/PASTA,SPAGHETTI DRY,1,0.5,1,2017-01-01 12:50:48
2270,31198566181,961554,PRODUCE,CARROTS,CARROTS MINI PEELED,1,1.25,1,2017-01-01 12:50:48
2270,31198566181,995965,PRODUCE,SALAD MIX,GARDEN PLUS,2,2.99,1,2017-01-01 12:50:48
2270,31198566181,1034102,GROCERY,FROZEN BREAD/DOUGH,FRZN GARLIC BREAD/TOAST/STICKS,1,1.5,1,2017-01-01 12:50:48
2270,31198566181,1074405,GROCERY,VEGETABLES - SHELF STABLE,TOMATO SAUCE,1,0.5,1,2017-01-01 12:50:48
2270,31198566181,1074524,GROCERY,SOFT DRINKS,SFT DRNK 2 LITER BTL CARB INCL,1,0.88,1,2017-01-01 12:50:48
2270,31198566181,1103742,MEAT,TURKEY,GRND/PATTY - FROZEN,1,1.99,1,2017-01-01 12:50:48
1467,31198925870,986394,DRUG GM,CANDY - CHECKLANE,CANDY BARS (SINGLES)(INCLUDING,1,0.34,1,2017-01-01 12:58:42
866,31198940893,841686,GROCERY,BAG SNACKS,MISC BAG SNACKS,1,2.49,1,2017-01-01 12:59:55
866,31198940893,912847,DELI,DELI MEATS,MEAT:HAM BULK,1,5.99,1,2017-01-01 12:59:55
866,31198940893,922636,MEAT-PCKGD,FROZEN MEAT,CORN DOGS,1,4.99,1,2017-01-01 12:59:55
866,31198940893,930283,GROCERY,FROZEN PIZZA,SNACKS/APPETIZERS,1,4.99,1,2017-01-01 12:59:55
866,31198940893,962229,GROCERY,BAKED BREAD/BUNS/ROLLS,MAINSTREAM WHITE BREAD,1,1.25,1,2017-01-01 12:59:55
866,31198940893,965138,GROCERY,COOKIES/CONES,SANDWICH COOKIES,0,0.0,1,2017-01-01 12:59:55
866,31198940893,1106523,GROCERY,FLUID MILK PRODUCTS,FLUID MILK WHITE ONLY,1,2.32,1,2017-01-01 12:59:55
866,31198940893,1138443,DELI,DELI MEATS,MEAT: TURKEY BULK,1,6.49,1,2017-01-01 12:59:55
866,31198940893,5569327,GROCERY,BAG SNACKS,TORTILLA/NACHO CHIPS,1,1.88,1,2017-01-01 12:59:55
866,31198940893,12352193,GROCERY,COOKIES/CONES,PREMIUM COOKIES (EX: PEPPERIDG,0,0.0,1,2017-01-01 12:59:55
1795,31198500624,991530,NUTRITION,WATER,SPRING WATER,1,0.99,1,2017-01-01 13:01:14
1698,31198540549,927191,GROCERY,SEAFOOD - SHELF STABLE,TUNA,8,4.16,1,2017-01-01 13:03:29
1698,31198540549,1038217,GROCERY,CRACKERS/MISC BKD FD,SOUP CRACKERS (SALTINE/OYSTER),1,1.0,1,2017-01-01 13:03:29
888,31198711081,826249,GROCERY,BAKED BREAD/BUNS/ROLLS,HAMBURGER BUNS,1,1.19,1,2017-01-01 13:04:48
888,31198711081,840361,GROCERY,EGGS,EGGS - LARGE,1,0.99,1,2017-01-01 13:04:48
888,31198711081,865634,GROCERY,DRY NOODLES/PASTA,NOODLES DRY,1,1.09,1,2017-01-01 13:04:48
888,31198711081,868319,GROCERY,WAREHOUSE SNACKS,CANISTER POTATO/TORT CHIPS,2,2.0,1,2017-01-01 13:04:48
888,31198711081,870819,DRUG GM,BABY FOODS,BABY FOOD CEREALS,1,1.89,1,2017-01-01 13:04:48
888,31198711081,876624,GROCERY,FRZN MEAT/MEAT DINNERS,FRZN SS PREMIUM ENTREES/DNRS/N,1,2.14,1,2017-01-01 13:04:48
888,31198711081,883404,GROCERY,BAKED BREAD/BUNS/ROLLS,MAINSTREAM WHITE BREAD,1,1.19,1,2017-01-01 13:04:48
888,31198711081,901062,PRODUCE,APPLES,APPLES GALA (BULK&BAG),1,2.64,1,2017-01-01 13:04:48
888,31198711081,904268,MEAT-PCKGD,FROZEN MEAT,FRZN SS PREMIUM ENTREES/DNRS/T,2,7.98,1,2017-01-01 13:04:48
888,31198711081,911470,GROCERY,SOUP,RTS SOUP: CHUNKY/HOMESTYLE ET,2,2.6,1,2017-01-01 13:04:48
888,31198711081,945611,GROCERY,CHEESE,LOAF CHEESE,1,3.99,1,2017-01-01 13:04:48
888,31198711081,961554,PRODUCE,CARROTS,CARROTS MINI PEELED,1,1.56,1,2017-01-01 13:04:48
888,31198711081,965766,GROCERY,CHEESE,IWS SINGLE CHEESE,1,1.67,1,2017-01-01 13:04:48
888,31198711081,979707,PRODUCE,ONIONS,ONIONS SWEET (BULK&BAG),1,0.92,1,2017-01-01 13:04:48
888,31198711081,988040,DRUG GM,CANDY - CHECKLANE,CHEWING GUM,1,0.99,1,2017-01-01 13:04:48
888,31198711081,995965,PRODUCE,SALAD MIX,GARDEN PLUS,2,2.99,1,2017-01-01 13:04:48
888,31198711081,1003188,GROCERY,CANNED JUICES,APPLE JUICE & CIDER (OVER 50%,2,3.22,1,2017-01-01 13:04:48
888,31198711081,1013770,GROCERY,FRZN VEGETABLE/VEG DSH,FRZN BAGGED VEGETABLES - PLAIN,1,1.09,1,2017-01-01 13:04:48
888,31198711081,1021522,PRODUCE,TOMATOES,TOMATOES GRAPE,1,2.99,1,2017-01-01 13:04:48
888,31198711081,1031065,GROCERY,CRACKERS/MISC BKD FD,MULTI-PACK CRACKERS,1,0.93,1,2017-01-01 13:04:48
888,31198711081,1054216,GROCERY,FROZEN PIZZA,SNACKS/APPETIZERS,1,2.0,1,2017-01-01 13:04:48
888,31198711081,1082185,PRODUCE,TROPICAL FRUIT,BANANAS,1,0.9,1,2017-01-01 13:04:48
888,31198711081,1101173,GROCERY,DINNER MXS:DRY,MACARONI & CHEESE DNRS,1,2.0,1,2017-01-01 13:04:48
888,31198711081,1106523,GROCERY,FLUID MILK PRODUCTS,FLUID MILK WHITE ONLY,1,2.24,1,2017-01-01 13:04:48
888,31198711081,1112242,DRUG GM,INFANT FORMULA,INFANT FORMULA SOY BASE,1,8.29,1,2017-01-01 13:04:48
888,31198711081,1120307,GROCERY,HISPANIC,ORIENTAL NOODLES RICE,1,1.09,1,2017-01-01 13:04:48
888,31198711081,1129709,GROCERY,MILK BY-PRODUCTS,SOUR CREAMS,1,0.8,1,2017-01-01 13:04:48
888,31198711081,1131382,GROCERY,CHEESE,STRING CHEESE,1,3.99,1,2017-01-01 13:04:48
888,31198711081,5564918,GROCERY,CONVENIENT BRKFST/WHLSM SNACKS,CEREAL BARS,1,2.59,1,2017-01-01 13:04:48
888,31198711081,5565369,GROCERY,CONVENIENT BRKFST/WHLSM SNACKS,FRUIT SNACKS,1,2.79,1,2017-01-01 13:04:48
888,31198711081,5568249,GROCERY,SOFT DRINKS,SOFT DRINKS 12/18&15PK CAN CAR,1,3.0,1,2017-01-01 13:04:48
888,31198711081,5582789,GROCERY,YOGURT,YOGURT NOT MULTI-PACKS,1,0.35,1,2017-01-01 13:04:48
888,31198711081,5584620,GROCERY,YOGURT,YOGURT NOT MULTI-PACKS,1,0.35,1,2017-01-01 13:04:48
888,31198711081,5584808,GROCERY,YOGURT,YOGURT NOT MULTI-PACKS,2,0.7,1,2017-01-01 13:04:48
888,31198711081,5585639,GROCERY,YOGURT,YOGURT NOT MULTI-PACKS,1,0.35,1,2017-01-01 13:04:48
888,31198711081,5587133,GROCERY,YOGURT,YOGURT NOT MULTI-PACKS,6,2.1,1,2017-01-01 13:04:48
888,31198711081,5590287,GROCERY,YOGURT,YOGURT NOT MULTI-PACKS,1,0.35,1,2017-01-01 13:04:48
888,31198711081,5591089,GROCERY,COCOA MIXES,HOT CHOCOLATE COCOA MIX,1,1.61,1,2017-01-01 13:04:48
888,31198711081,6463464,GROCERY,CANNED JUICES,ASEPTIC PACK JUICE AND DRINKS,1,1.57,1,2017-01-01 13:04:48
888,31198711081,6704287,GROCERY,BAKED BREAD/BUNS/ROLLS,DIET/LIGHT BREAD,1,3.99,1,2017-01-01 13:04:48
888,31198711081,7155759,GROCERY,YOGURT,YOGURT MULTI-PACKS,1,2.5,1,2017-01-01 13:04:48
888,31198711081,7410201,DRUG GM,BABY HBC,BABY WIPES,1,3.23,1,2017-01-01 13:04:48
888,31198711081,8118581,GROCERY,CHEESE,NATURAL CHEESE EXACT WT CHUNKS,1,2.0,1,2017-01-01 13:04:48
888,31198711081,8119253,GROCERY,CANNED JUICES,ASEPTIC PACK JUICE AND DRINKS,1,1.57,1,2017-01-01 13:04:48
888,31198711081,9553031,GROCERY,SOUP,BROTH,4,2.56,1,2017-01-01 13:04:48
888,31198711081,9803686,DRUG GM,BABY FOODS,BABY FOOD JUNIOR ALL BRANDS,1,0.99,1,2017-01-01 13:04:48
888,31198711081,9803687,DRUG GM,BABY FOODS,BABY FOOD JUNIOR ALL BRANDS,2,1.98,1,2017-01-01 13:04:48
888,31198711081,10285373,GROCERY,BAG SNACKS,BAGGED POPPED POPCORN,1,2.5,1,2017-01-01 13:04:48
888,31198711081,10344585,GROCERY,SOFT DRINKS,SOFT DRINKS 12/18&15PK CAN CAR,1,3.0,1,2017-01-01 13:04:48
888,31198711081,12781828,GROCERY,FRZN MEAT/MEAT DINNERS,FRZN SS PREMIUM ENTREES/DNRS/N,1,2.0,1,2017-01-01 13:04:48
786,31198720799,986912,DELI,PREPARED FOOD,PREP FD: SIDE DISHES (HOT),1,2.07,1,2017-01-01 13:05:59
2344,31198775794,848733,DRUG GM,CANDLES/ACCESSORIES,POTPOURRI INCENSE,1,1.19,1,2017-01-01 13:09:56
2344,31198775794,908265,PASTRY,BREAD,BREAD:LOAF/SNACK,1,1.5,1,2017-01-01 13:09:56
2344,31198775794,944139,GROCERY,FROZEN PIZZA,PIZZA/TRADITIONAL,2,5.0,1,2017-01-01 13:09:56
2344,31198775794,988791,GROCERY,CRACKERS/MISC BKD FD,CHEESE CRACKERS (CHEEZ-ITS/GOL,2,3.0,1,2017-01-01 13:09:56
2344,31198775794,999913,PASTRY,BREAD,BREAD:LOAF/SNACK,1,1.5,1,2017-01-01 13:09:56
2344,31198775794,1021116,GROCERY,FROZEN PIZZA,PIZZA/TRADITIONAL,1,2.5,1,2017-01-01 13:09:56
2344,31198775794,1041796,GROCERY,CRACKERS/MISC BKD FD,BUTTER SPRAY CRACKER (RITZ/CLU,1,1.88,1,2017-01-01 13:09:56
2344,31198775794,1078753,DRUG GM,CANDLES/ACCESSORIES,POTPOURRI INCENSE,1,1.19,1,2017-01-01 13:09:56
2344,31198775794,1106137,GROCERY,ICE CREAM/MILK/SHERBTS,QUARTS,1,2.0,1,2017-01-01 13:09:56
2344,31198775794,1124201,GROCERY,ICE CREAM/MILK/SHERBTS,QUARTS,1,2.0,1,2017-01-01 13:09:56
2344,31198775794,1124695,GROCERY,FROZEN PIZZA,PIZZA/TRADITIONAL,1,2.5,1,2017-01-01 13:09:56
2344,31198775794,6424471,PASTRY,BREAKFAST SWEETS,SW GDS:COFFEE CAKES,1,2.99,1,2017-01-01 13:09:56
2344,31198775794,6773196,GROCERY,COOKIES/CONES,CONES,1,1.5,1,2017-01-01 13:09:56
2344,31198775794,8018992,GROCERY,PET CARE SUPPLIES,PET TREATS,1,2.99,1,2017-01-01 13:09:56
2344,31198775794,12605781,DRUG GM,DOMESTIC GOODS,KITCHEN TEXTILES,2,4.98,1,2017-01-01 13:09:56
2491,31198961189,831815,GROCERY,SOUP,RAMEN NOODLES/RAMEN CUPS,1,0.17,1,2017-01-01 13:15:53
2491,31198961189,839753,GROCERY,SOUP,RAMEN NOODLES/RAMEN CUPS,1,0.17,1,2017-01-01 13:15:53
2491,31198961189,854842,GROCERY,PNT BTR/JELLY/JAMS,PRESERVES JAM MARMALADE,1,1.19,1,2017-01-01 13:15:53
2491,31198961189,866950,GROCERY,SOUP,RAMEN NOODLES/RAMEN CUPS,1,0.17,1,2017-01-01 13:15:53
2491,31198961189,903674,GROCERY,SOUP,RAMEN NOODLES/RAMEN CUPS,1,0.17,1,2017-01-01 13:15:53
2491,31198961189,958252,GROCERY,SOUP,RAMEN NOODLES/RAMEN CUPS,1,0.17,1,2017-01-01 13:15:53
2491,31198961189,965138,GROCERY,COOKIES/CONES,SANDWICH COOKIES,1,1.5,1,2017-01-01 13:15:53
2491,31198961189,1022843,GROCERY,SOUP,RAMEN NOODLES/RAMEN CUPS,3,0.51,1,2017-01-01 13:15:53
2491,31198961189,1048462,GROCERY,BAKED BREAD/BUNS/ROLLS,MAINSTREAM WHITE BREAD,2,2.78,1,2017-01-01 13:15:53
2491,31198961189,1056778,DRUG GM,CANDY - PACKAGED,CANDY BAGS-CHOCOCLATE,1,3.99,1,2017-01-01 13:15:53
2491,31198961189,1071333,GROCERY,SOUP,RAMEN NOODLES/RAMEN CUPS,2,0.34,1,2017-01-01 13:15:53
2491,31198961189,1100972,GROCERY,CRACKERS/MISC BKD FD,BUTTER SPRAY CRACKER (RITZ/CLU,1,1.88,1,2017-01-01 13:15:53
1187,31198677157,1025628,GROCERY,FRZN MEAT/MEAT DINNERS,SS ECONOMY ENTREES/DINNERS ALL,1,2.0,1,2017-01-01 13:18:34
1187,31198677157,1108412,GROCERY,FRZN MEAT/MEAT DINNERS,SS ECONOMY ENTREES/DINNERS ALL,1,2.0,1,2017-01-01 13:18:34
1187,31198677157,7144131,GROCERY,FRZN MEAT/MEAT DINNERS,FRZN MULTI SERVE ENTREES ALL,1,4.99,1,2017-01-01 13:18:34
1187,31198677157,9526624,GROCERY,FRZN MEAT/MEAT DINNERS,SS ECONOMY ENTREES/DINNERS ALL,1,2.0,1,2017-01-01 13:18:34
603,31198996680,821788,GROCERY,DRY NOODLES/PASTA,MACARONI DRY,1,1.0,1,2017-01-01 13:18:48
603,31198996680,862139,GROCERY,SEAFOOD - SHELF STABLE,TUNA,2,1.24,1,2017-01-01 13:18:48
603,31198996680,898869,GROCERY,BAG SNACKS,BAGGED CHEESE SNACKS,1,1.88,1,2017-01-01 13:18:48
603,31198996680,903325,PRODUCE,BROCCOLI/CAULIFLOWER,BROCCOLI WHOLE&CROWNS,1,1.69,1,2017-01-01 13:18:48
603,31198996680,926692,GROCERY,DRY NOODLES/PASTA,MACARONI DRY,1,1.0,1,2017-01-01 13:18:48
603,31198996680,933067,MEAT-PCKGD,BACON,FLAVORED/OTHER,1,2.5,1,2017-01-01 13:18:48
603,31198996680,1006184,PRODUCE,SALAD MIX,GARDEN PLUS,1,2.99,1,2017-01-01 13:18:48
603,31198996680,1006760,GROCERY,COOKIES/CONES,SANDWICH COOKIES,1,2.0,1,2017-01-01 13:18:48
603,31198996680,1029743,GROCERY,FLUID MILK PRODUCTS,FLUID MILK WHITE ONLY,1,2.49,1,2017-01-01 13:18:48
603,31198996680,1040701,GROCERY,SALD DRSNG/SNDWCH SPRD,POURABLE SALAD DRESSINGS,1,1.99,1,2017-01-01 13:18:48
603,31198996680,1053690,GROCERY,SOFT DRINKS,SFT DRNK 2 LITER BTL CARB INCL,1,0.88,1,2017-01-01 13:18:48
603,31198996680,1074271,GROCERY,SOFT DRINKS,SOFT DRINK BOTTLE NON-CARB (EX,1,0.88,1,2017-01-01 13:18:48
603,31198996680,1092026,GROCERY,SOFT DRINKS,SFT DRNK 2 LITER BTL CARB INCL,1,0.88,1,2017-01-01 13:18:48
603,31198996680,1106422,DRUG GM,ORAL HYGIENE PRODUCTS,TOOTHPASTE,1,2.09,1,2017-01-01 13:18:48
603,31198996680,1133556,GROCERY,BAG SNACKS,CORN CHIPS,1,1.88,1,2017-01-01 13:18:48
1102,31198645517,819308,MEAT,BEEF,CHOICE BEEF,2,12.46,1,2017-01-01 13:19:10
1102,31198645517,831517,MEAT,PORK,SHLDR - STK/CHP/SLC,3,15.14,1,2017-01-01 13:19:10
1102,31198645517,1009187,GROCERY,REFRGRATD JUICES/DRNKS,DAIRY CASE 100% PURE JUICE - O,1,2.0,1,2017-01-01 13:19:10
1102,31198645517,1029743,GROCERY,FLUID MILK PRODUCTS,FLUID MILK WHITE ONLY,1,2.89,1,2017-01-01 13:19:10
1102,31198645517,1093603,GROCERY,REFRGRATD JUICES/DRNKS,DAIRY CASE JUICE DRNK UNDER 10,1,2.0,1,2017-01-01 13:19:10
1102,31198645517,6979089,GROCERY,REFRGRATD JUICES/DRNKS,DAIRY CASE CITRUS PNCH/OJ SUBS,1,2.0,1,2017-01-01 13:19:10
1579,31198620863,836658,GROCERY,DOMESTIC WINE,FIGHTING VARIETAL WINES,1,4.99,1,2017-01-01 13:19:37
1579,31198620863,860501,MEAT-PCKGD,DINNER SAUSAGE,SMOKED/COOKED,1,2.99,1,2017-01-01 13:19:37
1579,31198620863,868764,GROCERY,SOFT DRINKS,SFT DRNK 2 LITER BTL CARB INCL,1,0.88,1,2017-01-01 13:19:37
1579,31198620863,907099,GROCERY,REFRGRATD JUICES/DRNKS,DAIRY CASE 100% PURE JUICE - O,1,3.39,1,2017-01-01 13:19:37
1579,31198620863,908064,GROCERY,REFRGRATD DOUGH PRODUCTS,REFRIGERATED COOKIES-CHUB,1,1.88,1,2017-01-01 13:19:37
1579,31198620863,913210,GROCERY,WATER - CARBONATED/FLVRD DRINK,NON-CRBNTD DRNKING/MNERAL WATE,1,4.29,1,2017-01-01 13:19:37
1579,31198620863,946055,GROCERY,MILK BY-PRODUCTS,REFRIG DIPS,1,1.99,1,2017-01-01 13:19:37
1579,31198620863,951590,GROCERY,BAKED BREAD/BUNS/ROLLS,MAINSTREAM WHITE BREAD,1,1.79,1,2017-01-01 13:19:37
1579,31198620863,974785,MEAT-PCKGD,HOT DOGS,ECONOMY - MEAT,1,2.0,1,2017-01-01 13:19:37
1579,31198620863,1005186,SALAD BAR,SALAD BAR,SALAD BAR FRESH FRUIT,1,0.8,1,2017-01-01 13:19:37
1579,31198620863,1020682,MEAT-PCKGD,MISCELLANEOUS,SAUERKRAUT,4,3.96,1,2017-01-01 13:19:37
1579,31198620863,1022053,GROCERY,BAG SNACKS,CORN CHIPS,1,1.88,1,2017-01-01 13:19:37
1579,31198620863,1029651,GROCERY,DOMESTIC WINE,POPULAR 1.5LT WINES,1,8.99,1,2017-01-01 13:19:37
1579,31198620863,1029743,GROCERY,FLUID MILK PRODUCTS,FLUID MILK WHITE ONLY,1,2.49,1,2017-01-01 13:19:37
1579,31198620863,1049788,MISCELLANEOUS,COUPON/MISC ITEMS,MEAT SUPPLIES,1,0.92,1,2017-01-01 13:19:37
1579,31198620863,1053690,GROCERY,SOFT DRINKS,SFT DRNK 2 LITER BTL CARB INCL,1,0.88,1,2017-01-01 13:19:37
1579,31198620863,1078805,GROCERY,BAKED BREAD/BUNS/ROLLS,DINNER ROLLS,2,0.78,1,2017-01-01 13:19:37
1579,31198620863,1081200,GROCERY,MISC WINE,BEERALEMALT LIQUORS,1,3.99,1,2017-01-01 13:19:37
1579,31198620863,1092026,GROCERY,SOFT DRINKS,SFT DRNK 2 LITER BTL CARB INCL,1,0.88,1,2017-01-01 13:19:37
1579,31198620863,1098066,GROCERY,BAKED BREAD/BUNS/ROLLS,HOT DOG BUNS,1,1.0,1,2017-01-01 13:19:37
1579,31198620863,1118028,GROCERY,DOMESTIC WINE,FIGHTING VARIETAL WINES,1,4.99,1,2017-01-01 13:19:37
1579,31198620863,1118244,MEAT-PCKGD,DINNER SAUSAGE,SMOKED/COOKED,2,5.98,1,2017-01-01 13:19:37
1579,31198620863,1133157,MEAT-PCKGD,DINNER SAUSAGE,SMOKED/COOKED,1,2.99,1,2017-01-01 13:19:37
1579,31198620863,5568228,PASTRY,BREAD,BREAD:ITALIAN/FRENCH,1,1.0,1,2017-01-01 13:19:37
1579,31198620863,8019416,GROCERY,PET CARE SUPPLIES,RAWHIDE CHEWS,1,2.5,1,2017-01-01 13:19:37
1579,31198620863,8066983,GROCERY,BAG SNACKS,POTATO CHIPS,1,2.99,1,2017-01-01 13:19:37
1579,31198620863,9651799,GROCERY,DOMESTIC WINE,FRUIT VARIETAL WINES,1,3.33,1,2017-01-01 13:19:37
1579,31198620863,9834000,MEAT,PORK,RIBS,1,2.89,1,2017-01-01 13:19:37
1579,31198620863,12263617,GROCERY,PET CARE SUPPLIES,RAWHIDE CHEWS,2,1.98,1,2017-01-01 13:19:37
1579,31198620863,12648549,DELI,CHICKEN/POULTRY,CHIX:VALUE ADDED (COLD),1,3.75,1,2017-01-01 13:19:37
1187,31198677164,5573812,DRUG GM,CANDY - CHECKLANE,MINTS CANDY & BREATH (NOT LIF,1,0.99,1,2017-01-01 13:20:38
1187,31198677164,5591315,DRUG GM,CANDY - CHECKLANE,CANDY BARS (SINGLES)(INCLUDING,1,0.79,1,2017-01-01 13:20:38
883,31198481877,852856,DRUG GM,GREETING CARDS/WRAP/PARTY SPLY,CARDS EVERYDAY,2,7.38,1,2017-01-01 13:24:46
883,31198481877,899814,GROCERY,ICE CREAM/MILK/SHERBTS,TRADITIONAL,1,3.77,1,2017-01-01 13:24:46
883,31198481877,948420,GROCERY,FLUID MILK PRODUCTS,FLUID MILK WHITE ONLY,1,0.82,1,2017-01-01 13:24:46
883,31198481877,983458,DRUG GM,COFFEE FILTERS,THERMOS,2,1.98,1,2017-01-01 13:24:46
883,31198481877,1018679,DRUG GM,CANDY - PACKAGED,CANDY BARS (SINGLES)(INCLUDING,1,0.99,1,2017-01-01 13:24:46
883,31198481877,9420181,GROCERY,YOGURT,YOGURT MULTI-PACKS,1,2.5,1,2017-01-01 13:24:46
718,31198615621,6534178,FUEL,COUPON/MISC ITEMS,GASOLINE-REG UNLEADED,7915,17.25,1,2017-01-01 13:25:12
2470,31198966118,821083,GROCERY,EGGS,EGGS - JUMBO,1,1.59,1,2017-01-01 13:29:10
2470,31198966118,920626,MEAT-PCKGD,BREAKFAST SAUSAGE/SANDWICHES,LINKS - RAW,1,2.0,1,2017-01-01 13:29:10
2233,31198491026,8019922,DRUG GM,COLD AND FLU,COUGH SYRP/LOZNG-DRP/XPCTRNT,1,1.89,1,2017-01-01 13:30:15
2233,31198491026,9858664,DRUG GM,COLD AND FLU,COUGH SYRP/LOZNG-DRP/XPCTRNT,1,4.49,1,2017-01-01 13:30:15
1333,31198475743,823721,GROCERY,CHEESE,GRATED CHEESE,1,2.99,1,2017-01-01 13:33:25
1333,31198475743,837098,DRUG GM,BABY FOODS,BABY FOOD - BEGINNER,1,0.42,1,2017-01-01 13:33:25
1333,31198475743,837361,DRUG GM,INFANT CARE PRODUCTS,FEEDING ACCESSORIES BOTTLES,1,5.99,1,2017-01-01 13:33:25
1333,31198475743,843304,DRUG GM,BABY FOODS,BABY FOOD - BEGINNER,1,0.42,1,2017-01-01 13:33:25
1333,31198475743,843756,GROCERY,CHEESE,CREAM CHEESE,1,1.99,1,2017-01-01 13:33:25
1333,31198475743,860167,PRODUCE,SALAD MIX,GARDEN PLUS,1,2.99,1,2017-01-01 13:33:25
1333,31198475743,886959,DRUG GM,BABY FOODS,BABY FOOD - BEGINNER,1,0.42,1,2017-01-01 13:33:25
1333,31198475743,891520,GROCERY,DRY BN/VEG/POTATO/RICE,NOODLE SIDE DISH MIXES,1,1.39,1,2017-01-01 13:33:25
1333,31198475743,907631,GROCERY,FROZEN PIZZA,SNACKS/APPETIZERS,1,3.49,1,2017-01-01 13:33:25
1333,31198475743,916588,DRUG GM,DIAPERS & DISPOSABLES,BABY DIAPERS,1,15.99,1,2017-01-01 13:33:25
1333,31198475743,925854,NUTRITION,REFRIGERATED,YOGURT,1,2.99,1,2017-01-01 13:33:25
1333,31198475743,971949,GROCERY,CANNED JUICES,ASEPTIC PACK JUICE AND DRINKS,1,1.89,1,2017-01-01 13:33:25
1333,31198475743,986393,DRUG GM,BABY FOODS,BABY FOOD - BEGINNER,1,0.42,1,2017-01-01 13:33:25
1333,31198475743,987562,GROCERY,CHEESE,SHREDDED CHEESE,1,1.67,1,2017-01-01 13:33:25
1333,31198475743,1010681,GROCERY,FRZN MEAT/MEAT DINNERS,FRZN SS PREMIUM ENTREES/DNRS/N,1,2.14,1,2017-01-01 13:33:25
1333,31198475743,1029964,GROCERY,CRACKERS/MISC BKD FD,MULTI-PACK CRACKERS,1,2.19,1,2017-01-01 13:33:25
1333,31198475743,1043064,GROCERY,SOUP,BROTH,1,0.69,1,2017-01-01 13:33:25
1333,31198475743,1051211,GROCERY,PNT BTR/JELLY/JAMS,PEANUT BUTTER,1,2.39,1,2017-01-01 13:33:25
1333,31198475743,1069522,GROCERY,FROZEN PIZZA,SNACKS/APPETIZERS,1,1.89,1,2017-01-01 13:33:25
1333,31198475743,1070272,GROCERY,BATH TISSUES,TOILET TISSUE,1,3.49,1,2017-01-01 13:33:25
1333,31198475743,1077430,GROCERY,SEAFOOD - SHELF STABLE,TUNA,2,3.0,1,2017-01-01 13:33:25
1333,31198475743,1088145,GROCERY,DRY BN/VEG/POTATO/RICE,RICE - INSTANT & MICROWAVE,1,1.99,1,2017-01-01 13:33:25
1333,31198475743,1095751,GROCERY,FRZN MEAT/MEAT DINNERS,FRZN SS PREMIUM ENTREES/DNRS/N,1,2.14,1,2017-01-01 13:33:25
1333,31198475743,1109832,PASTRY,COOKIES,COOKIES: REGULAR,1,2.5,1,2017-01-01 13:33:25
1333,31198475743,1126899,GROCERY,FLUID MILK PRODUCTS,FLUID MILK WHITE ONLY,1,2.49,1,2017-01-01 13:33:25
1333,31198475743,1128016,GROCERY,MEAT - SHELF STABLE,CHILI: CANNED,2,5.58,1,2017-01-01 13:33:25
1333,31198475743,5583212,PRODUCE,SALAD MIX,SALAD SPINACH,1,1.5,1,2017-01-01 13:33:25
1333,31198475743,6534871,DRUG GM,BABY FOODS,BABY FOOD - BEGINNER,1,0.89,1,2017-01-01 13:33:25
1333,31198475743,7166523,PASTRY,BREAD,BREAD:TORTILLAS/PITA,1,2.99,1,2017-01-01 13:33:25
1333,31198475743,7167945,GROCERY,REFRGRATD DOUGH PRODUCTS,REFRIGERATED COOKIES-CHUB,1,1.88,1,2017-01-01 13:33:25
1333,31198475743,9677435,GROCERY,FRZN NOVELTIES/WTR ICE,ADULT PREMIUM,1,2.5,1,2017-01-01 13:33:25
1333,31198475743,9858662,DRUG GM,BABY FOODS,BABY FOOD - BEGINNER,1,0.42,1,2017-01-01 13:33:25
1333,31198475743,12731436,MEAT,CHICKEN,CHICKEN BREAST BONE IN,1,6.99,1,2017-01-01 13:33:25
1333,31198475743,12731813,MEAT-PCKGD,DINNER SAUSAGE,SMOKED/COOKED,1,2.99,1,2017-01-01 13:33:25
